Title,Source,Date
Hòa Bình rà soát dự án lắp dựng khẩu hiệu gần 11 tỷ đồng,"Thứ năm, 1/10/2020, 21:53 (GMT+7)",https://vnexpress.net/hoa-binh-ra-soat-du-an-lap-dung-khau-hieu-gan-11-ty-dong-4168793.html
Giảm thủ tục nhận gói hỗ trợ 62.000 tỷ đồng,"Thứ năm, 1/10/2020, 17:26 (GMT+7)",https://vnexpress.net/giam-thu-tuc-nhan-goi-ho-tro-62-000-ty-dong-4170198.html
Bán hơn 15.000 vé tàu Tết,"Thứ năm, 1/10/2020, 17:20 (GMT+7)",https://vnexpress.net/ban-hon-15-000-ve-tau-tet-4170219.html
Ông Mai Tiến Dũng: 'Văn bản chồng chất không nhớ hết',"Thứ năm, 1/10/2020, 17:04 (GMT+7)",https://vnexpress.net/ong-mai-tien-dung-van-ban-chong-chat-khong-nho-het-4170075.html
Ý kiến trái chiều về vị trí sân bay thứ hai ở Hà Nội,"Thứ năm, 1/10/2020, 16:46 (GMT+7)",https://vnexpress.net/y-kien-trai-chieu-ve-vi-tri-san-bay-thu-hai-o-ha-noi-4169559.html
Vì sao TP HCM phải sớm thành lập TP Thủ Đức?,"Thứ năm, 1/10/2020, 14:40 (GMT+7)",https://vnexpress.net/vi-sao-tp-hcm-phai-som-thanh-lap-tp-thu-duc-4170022.html
Chưa xác định được niên đại bãi cọc Đầm Thượng,"Thứ năm, 1/10/2020, 14:29 (GMT+7)",https://vnexpress.net/chua-xac-dinh-duoc-nien-dai-bai-coc-dam-thuong-4169745.html
Sài Gòn có thể mưa to trong 10 ngày,"Thứ năm, 1/10/2020, 13:18 (GMT+7)",https://vnexpress.net/sai-gon-co-the-mua-to-trong-10-ngay-4170015.html
Thông xe kỹ thuật tuyến đường ven biển Quảng Nam,"Thứ năm, 1/10/2020, 11:31 (GMT+7)",https://vnexpress.net/thong-xe-ky-thuat-tuyen-duong-ven-bien-quang-nam-4169919.html
Ra mắt các nền tảng công nghệ kết nối tri thức,"Thứ năm, 1/10/2020, 10:29 (GMT+7)",https://vnexpress.net/ra-mat-cac-nen-tang-cong-nghe-ket-noi-tri-thuc-4169709.html
Những thách thức miền Tây đối mặt khi lũ thấp,"Thứ năm, 1/10/2020, 09:35 (GMT+7)",https://vnexpress.net/nhung-thach-thuc-mien-tay-doi-mat-khi-lu-thap-4169170.html
Thứ trưởng Xây dựng xin lỗi người dân Quảng Bình,"Thứ năm, 1/10/2020, 00:25 (GMT+7)",https://vnexpress.net/thu-truong-xay-dung-xin-loi-nguoi-dan-quang-binh-4169715.html
Chính sách nổi bật có hiệu lực từ tháng 10,"Thứ năm, 1/10/2020, 00:00 (GMT+7)",https://vnexpress.net/chinh-sach-noi-bat-co-hieu-luc-tu-thang-10-4169572.html
Ôtô cháy rụi sau khi tông đuôi xe container,"Thứ năm, 1/10/2020, 19:48 (GMT+7)",https://vnexpress.net/oto-chay-rui-sau-khi-tong-duoi-xe-container-4170268.html
Cháy bãi giữ ôtô,"Thứ năm, 1/10/2020, 09:05 (GMT+7)",https://vnexpress.net/chay-bai-giu-oto-4169783.html
Đàn bò tót đói trơ xương sắp được bàn giao,"Thứ tư, 30/9/2020, 19:40 (GMT+7)",https://vnexpress.net/dan-bo-tot-doi-tro-xuong-sap-duoc-ban-giao-4169658.html
Phụ huynh 'đau đầu' với sách giáo khoa lớp 1,"Thứ tư, 30/9/2020, 18:14 (GMT+7)",https://vnexpress.net/phu-huynh-dau-dau-voi-sach-giao-khoa-lop-1-4169625.html
Cục CSGT lý giải đề xuất tiếp nhận quản lý đào tạo lái xe,"Thứ tư, 30/9/2020, 17:42 (GMT+7)",https://vnexpress.net/cuc-csgt-ly-giai-de-xuat-tiep-nhan-quan-ly-dao-tao-lai-xe-4168846.html
Vì sao cảnh sát bụng to sẽ không được làm nhiệm vụ ngoài đường?,"Thứ tư, 30/9/2020, 15:50 (GMT+7)",https://vnexpress.net/vi-sao-canh-sat-bung-to-se-khong-duoc-lam-nhiem-vu-ngoai-duong-4169345.html
Cấm xe qua cầu Nguyễn Hữu Cảnh gần 6 tháng,"Thứ tư, 30/9/2020, 15:00 (GMT+7)",https://vnexpress.net/cam-xe-qua-cau-nguyen-huu-canh-gan-6-thang-4169499.html
Quân đội tiếp tục điều chỉnh tổ chức biên chế,"Thứ tư, 30/9/2020, 14:55 (GMT+7)",https://vnexpress.net/quan-doi-tiep-tuc-dieu-chinh-to-chuc-bien-che-4169463.html
Xe đầu kéo tông hai người,"Thứ tư, 30/9/2020, 14:14 (GMT+7)",https://vnexpress.net/xe-dau-keo-tong-hai-nguoi-4169449.html
Đồng Tháp Mười những năm lũ lớn,"Thứ tư, 30/9/2020, 12:21 (GMT+7)",https://vnexpress.net/dong-thap-muoi-nhung-nam-lu-lon-4162269.html
Giao thông TP HCM 'bức bí' vì thiếu vốn,"Thứ tư, 30/9/2020, 11:18 (GMT+7)",https://vnexpress.net/giao-thong-tp-hcm-buc-bi-vi-thieu-von-4168445.html
5 người đu dây thoát khỏi căn nhà bốc cháy,"Thứ tư, 30/9/2020, 10:38 (GMT+7)",https://vnexpress.net/5-nguoi-du-day-thoat-khoi-can-nha-boc-chay-4169312.html
Căng lưới cao 10 m ngăn voọc cắn người,"Thứ tư, 30/9/2020, 10:36 (GMT+7)",https://vnexpress.net/cang-luoi-cao-10-m-ngan-vooc-can-nguoi-4169272.html
Khởi công 3 dự án cao tốc Bắc Nam,"Thứ tư, 30/9/2020, 07:09 (GMT+7)",https://vnexpress.net/khoi-cong-3-du-an-cao-toc-bac-nam-4169150.html
Hơn 3 năm chưa xây xong cầu 200 m,"Thứ tư, 30/9/2020, 04:00 (GMT+7)",https://vnexpress.net/hon-3-nam-chua-xay-xong-cau-200-m-4169111.html
Ba nguyên lãnh đạo sở ở Khánh Hòa bị kỷ luật,"Thứ ba, 29/9/2020, 22:31 (GMT+7)",https://vnexpress.net/ba-nguyen-lanh-dao-so-o-khanh-hoa-bi-ky-luat-4169142.html
Thu hồi tiền hỗ trợ Covid-19 đã chi sai,"Thứ ba, 29/9/2020, 22:21 (GMT+7)",https://vnexpress.net/thu-hoi-tien-ho-tro-covid-19-da-chi-sai-4169121.html
Đề xuất UBND quận 2 làm trụ sở Thành ủy TP Thủ Đức,"Thứ ba, 29/9/2020, 22:02 (GMT+7)",https://vnexpress.net/de-xuat-ubnd-quan-2-lam-tru-so-thanh-uy-tp-thu-duc-4169145.html
Đề xuất nghiên cứu xây sân bay thứ hai ở Hà Nội,"Thứ ba, 29/9/2020, 21:16 (GMT+7)",https://vnexpress.net/de-xuat-nghien-cuu-xay-san-bay-thu-hai-o-ha-noi-4169113.html
CSGT bụng to sẽ 'không được làm nhiệm vụ ngoài đường',"Thứ ba, 29/9/2020, 18:25 (GMT+7)",https://vnexpress.net/csgt-bung-to-se-khong-duoc-lam-nhiem-vu-ngoai-duong-4169087.html
Xe chở học sinh va chạm tàu hỏa,"Thứ ba, 29/9/2020, 18:01 (GMT+7)",https://vnexpress.net/xe-cho-hoc-sinh-va-cham-tau-hoa-4169104.html
Thủ tướng: Không để người trồng mắc ca 'đơn thương độc mã',"Thứ ba, 29/9/2020, 17:16 (GMT+7)",https://vnexpress.net/thu-tuong-khong-de-nguoi-trong-mac-ca-don-thuong-doc-ma-4168935.html
Đàn bò tót trơ xương sẽ được vỗ béo,"Thứ ba, 29/9/2020, 15:43 (GMT+7)",https://vnexpress.net/dan-bo-tot-tro-xuong-se-duoc-vo-beo-4168890.html
Đề xuất mở các tuyến phố đi bộ ở trung tâm Sài Gòn,"Thứ ba, 29/9/2020, 13:43 (GMT+7)",https://vnexpress.net/de-xuat-mo-cac-tuyen-pho-di-bo-o-trung-tam-sai-gon-4168808.html
Mùa đông năm nay lạnh hơn,"Thứ ba, 29/9/2020, 11:52 (GMT+7)",https://vnexpress.net/mua-dong-nam-nay-lanh-hon-4167722.html
Xuất hiện hố sụt trước nhà dân,"Thứ ba, 29/9/2020, 08:35 (GMT+7)",https://vnexpress.net/xuat-hien-ho-sut-truoc-nha-dan-4168688.html
Đồng bằng sông Cửu Long 'đói' lũ,"Thứ ba, 29/9/2020, 07:00 (GMT+7)",https://vnexpress.net/dong-bang-song-cuu-long-doi-lu-4158792.html
Hoàn thành trạm bơm 640.000 m3 nước thải mỗi ngày,"Thứ ba, 29/9/2020, 18:08 (GMT+7)",https://vnexpress.net/hoan-thanh-tram-bom-640-000-m3-nuoc-thai-moi-ngay-4169107.html
Ông Hồ Văn Niên tái cử Bí thư Gia Lai,"Thứ ba, 29/9/2020, 11:05 (GMT+7)",https://vnexpress.net/ong-ho-van-nien-tai-cu-bi-thu-gia-lai-4168752.html
Thủ tướng đối thoại với hơn 300 nông dân,"Thứ hai, 28/9/2020, 23:04 (GMT+7)",https://vnexpress.net/thu-tuong-doi-thoai-voi-hon-300-nong-dan-4168457.html
Tân Thứ trưởng Nội vụ làm Phó ban Tổ chức Trung ương,"Thứ hai, 28/9/2020, 20:50 (GMT+7)",https://vnexpress.net/tan-thu-truong-noi-vu-lam-pho-ban-to-chuc-trung-uong-4168591.html
Cao tốc hơn 6.300 tỷ đồng sắp thông tuyến,"Thứ hai, 28/9/2020, 19:07 (GMT+7)",https://vnexpress.net/cao-toc-hon-6-300-ty-dong-sap-thong-tuyen-4168564.html
Đề xuất mở 5 tuyến buýt điện,"Thứ hai, 28/9/2020, 19:07 (GMT+7)",https://vnexpress.net/de-xuat-mo-5-tuyen-buyt-dien-4168560.html
'Phấn đấu từ năm 2030 xây dựng Quân đội hiện đại',"Thứ hai, 28/9/2020, 17:26 (GMT+7)",https://vnexpress.net/phan-dau-tu-nam-2030-xay-dung-quan-doi-hien-dai-4168318.html
Đàn bò tót vườn quốc gia đói trơ xương,"Thứ hai, 28/9/2020, 11:05 (GMT+7)",https://vnexpress.net/dan-bo-tot-vuon-quoc-gia-doi-tro-xuong-4167766.html
Nhà xưởng hải sản bốc cháy dữ dội,"Thứ hai, 28/9/2020, 10:52 (GMT+7)",https://vnexpress.net/nha-xuong-hai-san-boc-chay-du-doi-4168239.html
Ông Huỳnh Đức Thơ: 'Đà Nẵng phòng thủ chặt sau hai đợt dịch',"Thứ hai, 28/9/2020, 00:00 (GMT+7)",https://vnexpress.net/ong-huynh-duc-tho-da-nang-phong-thu-chat-sau-hai-dot-dich-4167651.html
Xe đầu kéo tông 7 xe máy,"Thứ hai, 28/9/2020, 20:40 (GMT+7)",https://vnexpress.net/xe-dau-keo-tong-7-xe-may-4168588.html
"Sập bờ kè, một người chết","Thứ hai, 28/9/2020, 11:43 (GMT+7)",https://vnexpress.net/sap-bo-ke-mot-nguoi-chet-4168307.html
Xe Range Rover cháy rụi trên cầu Chương Dương,"Chủ nhật, 27/9/2020, 18:28 (GMT+7)",https://vnexpress.net/xe-range-rover-chay-rui-tren-cau-chuong-duong-4168004.html
Trung tâm Hà Nội đông kín người đi chơi Tết Trung thu,"Chủ nhật, 27/9/2020, 15:48 (GMT+7)",https://vnexpress.net/trung-tam-ha-noi-dong-kin-nguoi-di-choi-tet-trung-thu-4167932.html
TP HCM giám sát y tế người nhập cảnh ngắn ngày như thế nào,"Chủ nhật, 27/9/2020, 11:44 (GMT+7)",https://vnexpress.net/tp-hcm-giam-sat-y-te-nguoi-nhap-canh-ngan-ngay-nhu-the-nao-4167908.html
Thầy giáo công nhân 10 năm mở lớp học miễn phí,"Chủ nhật, 27/9/2020, 10:19 (GMT+7)",https://vnexpress.net/thay-giao-cong-nhan-10-nam-mo-lop-hoc-mien-phi-4149246.html
Cuộc đời gian truân của đại thi hào Nguyễn Du,"Chủ nhật, 27/9/2020, 09:49 (GMT+7)",https://vnexpress.net/cuoc-doi-gian-truan-cua-dai-thi-hao-nguyen-du-4167837.html
Hai người chết do sạt lở,"Chủ nhật, 27/9/2020, 18:50 (GMT+7)",https://vnexpress.net/hai-nguoi-chet-do-sat-lo-4167969.html
Bộ Chính trị hoàn thành chương trình làm việc với 67 Đảng bộ,"Chủ nhật, 27/9/2020, 18:45 (GMT+7)",https://vnexpress.net/bo-chinh-tri-hoan-thanh-chuong-trinh-lam-viec-voi-67-dang-bo-4168005.html
"Ôtô đâm bốn xe máy, 9 người bị thương","Chủ nhật, 27/9/2020, 12:04 (GMT+7)",https://vnexpress.net/oto-dam-bon-xe-may-9-nguoi-bi-thuong-4167929.html
Xe đầu kéo bốc cháy khi đang chạy,"Chủ nhật, 27/9/2020, 11:33 (GMT+7)",https://vnexpress.net/xe-dau-keo-boc-chay-khi-dang-chay-4167923.html
Ông Nguyễn Xuân Ký tái đắc cử Bí thư Quảng Ninh,"Thứ bảy, 26/9/2020, 22:33 (GMT+7)",https://vnexpress.net/ong-nguyen-xuan-ky-tai-dac-cu-bi-thu-quang-ninh-4167803.html
Bà Lâm Thị Phương Thanh tái đắc cử Bí thư Lạng Sơn,"Thứ bảy, 26/9/2020, 20:51 (GMT+7)",https://vnexpress.net/ba-lam-thi-phuong-thanh-tai-dac-cu-bi-thu-lang-son-4167790.html
'Hạnh phúc nhân dân' là điểm nhấn trong dự thảo văn kiện Đại hội 13,"Thứ bảy, 26/9/2020, 18:30 (GMT+7)",https://vnexpress.net/hanh-phuc-nhan-dan-la-diem-nhan-trong-du-thao-van-kien-dai-hoi-13-4167758.html
Miền Bắc cuối tuần mưa giông,"Thứ bảy, 26/9/2020, 17:39 (GMT+7)",https://vnexpress.net/mien-bac-cuoi-tuan-mua-giong-4167747.html
Ba đứa trẻ chết dưới ao tưới cà phê,"Thứ bảy, 26/9/2020, 15:31 (GMT+7)",https://vnexpress.net/ba-dua-tre-chet-duoi-ao-tuoi-ca-phe-4167710.html
"4 bộ, ngành giám sát đầu tư cao tốc Bắc Nam","Thứ bảy, 26/9/2020, 14:45 (GMT+7)",https://vnexpress.net/4-bo-nganh-giam-sat-dau-tu-cao-toc-bac-nam-4167665.html
"Phương án sáp nhập quận, phường của TP HCM","Thứ bảy, 26/9/2020, 14:30 (GMT+7)",https://vnexpress.net/phuong-an-sap-nhap-quan-phuong-cua-tp-hcm-4167600.html
Hơn 1.000 tấn cá mú tồn trong ao nuôi ở Cam Ranh,"Thứ bảy, 26/9/2020, 11:11 (GMT+7)",https://vnexpress.net/hon-1-000-tan-ca-mu-ton-trong-ao-nuoi-o-cam-ranh-4166384.html
TP HCM kết nối 3 tổng đài khẩn cấp,"Thứ bảy, 26/9/2020, 09:43 (GMT+7)",https://vnexpress.net/tp-hcm-ket-noi-3-tong-dai-khan-cap-4167392.html
"Xe khách đâm ôtô tải, tài xế tử nạn","Thứ bảy, 26/9/2020, 09:12 (GMT+7)",https://vnexpress.net/xe-khach-dam-oto-tai-tai-xe-tu-nan-4167585.html
Đường nghìn tỷ qua TP Tam Kỳ,"Thứ bảy, 26/9/2020, 00:00 (GMT+7)",https://vnexpress.net/duong-nghin-ty-qua-tp-tam-ky-4167329.html
Hai cầu vượt qua hồ Linh Đàm trước ngày thông xe,"Thứ bảy, 26/9/2020, 00:00 (GMT+7)",https://vnexpress.net/hai-cau-vuot-qua-ho-linh-dam-truoc-ngay-thong-xe-4167250.html
Hà Nội dự kiến huy động 5 nguồn vốn để xây dựng metro,"Thứ bảy, 26/9/2020, 00:00 (GMT+7)",https://vnexpress.net/ha-noi-du-kien-huy-dong-5-nguon-von-de-xay-dung-metro-4166080.html
Việt Nam đặt mục tiêu phát triển trong 25 năm tới như thế nào?,"Thứ bảy, 26/9/2020, 00:00 (GMT+7)",https://vnexpress.net/viet-nam-dat-muc-tieu-phat-trien-trong-25-nam-toi-nhu-the-nao-4165301.html
"Xe tải húc ôtô con, tông nát dải phân cách","Thứ sáu, 25/9/2020, 19:34 (GMT+7)",https://vnexpress.net/xe-tai-huc-oto-con-tong-nat-dai-phan-cach-4167458.html
Chuyến bay thương mại quốc tế đầu tiên đến Việt Nam,"Thứ sáu, 25/9/2020, 18:02 (GMT+7)",https://vnexpress.net/chuyen-bay-thuong-mai-quoc-te-dau-tien-den-viet-nam-4167424.html
Bà Đào Hồng Lan làm Bí thư Tỉnh ủy Bắc Ninh,"Thứ sáu, 25/9/2020, 17:07 (GMT+7)",https://vnexpress.net/ba-dao-hong-lan-lam-bi-thu-tinh-uy-bac-ninh-4167198.html
Gần 700 tỷ đồng xây hầm chui ở Hà Nội,"Thứ sáu, 25/9/2020, 15:02 (GMT+7)",https://vnexpress.net/gan-700-ty-dong-xay-ham-chui-o-ha-noi-4167325.html
Nguyên Bí thư Yên Bái làm Thứ trưởng Nội vụ,"Thứ sáu, 25/9/2020, 14:11 (GMT+7)",https://vnexpress.net/nguyen-bi-thu-yen-bai-lam-thu-truong-noi-vu-4165987.html
Vì sao 38 tên đường ở TP HCM bị đặt sai?,"Thứ sáu, 25/9/2020, 12:25 (GMT+7)",https://vnexpress.net/vi-sao-38-ten-duong-o-tp-hcm-bi-dat-sai-4166909.html
Phương án sửa Bảo tàng Mỹ thuật TP HCM,"Thứ sáu, 25/9/2020, 11:33 (GMT+7)",https://vnexpress.net/phuong-an-sua-bao-tang-my-thuat-tp-hcm-4166920.html
Chuẩn bị khởi công 3 dự án cao tốc Bắc Nam,"Thứ sáu, 25/9/2020, 09:52 (GMT+7)",https://vnexpress.net/chuan-bi-khoi-cong-3-du-an-cao-toc-bac-nam-4167063.html
"Cháy khách sạn, một người chết","Thứ sáu, 25/9/2020, 09:39 (GMT+7)",https://vnexpress.net/chay-khach-san-mot-nguoi-chet-4167053.html
Ông Lê Quang Mạnh làm Bí thư TP Cần Thơ,"Thứ sáu, 25/9/2020, 09:08 (GMT+7)",https://vnexpress.net/ong-le-quang-manh-lam-bi-thu-tp-can-tho-4167019.html
Bộ trưởng Chu Ngọc Anh làm Chủ tịch thành phố Hà Nội,"Thứ sáu, 25/9/2020, 08:52 (GMT+7)",https://vnexpress.net/bo-truong-chu-ngoc-anh-lam-chu-tich-thanh-pho-ha-noi-4166925.html
Ông Nguyễn Đức Chung bị bãi nhiệm,"Thứ sáu, 25/9/2020, 08:25 (GMT+7)",https://vnexpress.net/ong-nguyen-duc-chung-bi-bai-nhiem-4166921.html
'Cơ chế thu hút nhân tài của Việt Nam còn nhiều hạn chế',"Thứ sáu, 25/9/2020, 20:40 (GMT+7)",https://vnexpress.net/co-che-thu-hut-nhan-tai-cua-viet-nam-con-nhieu-han-che-4167314.html
Suýt cháy nhà vì xe đạp chập điện,"Thứ sáu, 25/9/2020, 10:44 (GMT+7)",https://vnexpress.net/suyt-chay-nha-vi-xe-dap-chap-dien-4167081.html
"Bí thư An Giang, Bà Rịa - Vũng Tàu tái cử","Thứ sáu, 25/9/2020, 10:23 (GMT+7)",https://vnexpress.net/bi-thu-an-giang-ba-ria-vung-tau-tai-cu-4167045.html
Bốn nguy cơ lây nhiễm Covid-19 ở Việt Nam,"Thứ năm, 24/9/2020, 22:18 (GMT+7)",https://vnexpress.net/bon-nguy-co-lay-nhiem-covid-19-o-viet-nam-4166914.html
Thủ tướng: Duy trì vững chắc thành quả chống Covid-19,"Thứ năm, 24/9/2020, 22:13 (GMT+7)",https://vnexpress.net/thu-tuong-duy-tri-vung-chac-thanh-qua-chong-covid-19-4166913.html
Nhà dân ngập nặng sau mưa lớn ở Sài Gòn,"Thứ năm, 24/9/2020, 21:12 (GMT+7)",https://vnexpress.net/nha-dan-ngap-nang-sau-mua-lon-o-sai-gon-4166918.html
Cổ thụ bật gốc đè người đi xe máy,"Thứ năm, 24/9/2020, 18:08 (GMT+7)",https://vnexpress.net/co-thu-bat-goc-de-nguoi-di-xe-may-4166888.html
Khuyến cáo người dân không nói tục ở phố đi bộ Hoàn Kiếm,"Thứ năm, 24/9/2020, 15:33 (GMT+7)",https://vnexpress.net/khuyen-cao-nguoi-dan-khong-noi-tuc-o-pho-di-bo-hoan-kiem-4166766.html
Thứ trưởng Trần Quốc Tỏ được thăng hàm Trung tướng,"Thứ năm, 24/9/2020, 14:34 (GMT+7)",https://vnexpress.net/thu-truong-tran-quoc-to-duoc-thang-ham-trung-tuong-4166710.html
Hơn 2.800 đảng viên đã bị kỷ luật ở TP HCM,"Thứ năm, 24/9/2020, 12:09 (GMT+7)",https://vnexpress.net/hon-2-800-dang-vien-da-bi-ky-luat-o-tp-hcm-4166616.html
Ông Đỗ Đức Duy làm Bí thư Tỉnh uỷ Yên Bái,"Thứ năm, 24/9/2020, 10:24 (GMT+7)",https://vnexpress.net/ong-do-duc-duy-lam-bi-thu-tinh-uy-yen-bai-4165999.html
Hơn 100 người ở Đồng Xoài chạy lũ,"Thứ năm, 24/9/2020, 10:13 (GMT+7)",https://vnexpress.net/hon-100-nguoi-o-dong-xoai-chay-lu-4166515.html
Nghiên cứu thu phí các tuyến cao tốc do nhà nước đầu tư,"Thứ năm, 24/9/2020, 10:03 (GMT+7)",https://vnexpress.net/nghien-cuu-thu-phi-cac-tuyen-cao-toc-do-nha-nuoc-dau-tu-4166531.html
Thừa Thiên Huế bỏ chốt kiểm soát y tế,"Thứ năm, 24/9/2020, 22:28 (GMT+7)",https://vnexpress.net/thua-thien-hue-bo-chot-kiem-soat-y-te-4166928.html
Nghệ An lý giải nguyên nhân cam rụng hàng loạt,"Thứ năm, 24/9/2020, 17:20 (GMT+7)",https://vnexpress.net/nghe-an-ly-giai-nguyen-nhan-cam-rung-hang-loat-4166820.html
Ga Sài Gòn bán hơn 200.000 vé tàu Tết,"Thứ tư, 23/9/2020, 20:53 (GMT+7)",https://vnexpress.net/ga-sai-gon-ban-hon-200-000-ve-tau-tet-4166219.html
Trữ nước chống hạn mặn ngay từ mùa mưa,"Thứ tư, 23/9/2020, 20:07 (GMT+7)",https://vnexpress.net/tru-nuoc-chong-han-man-ngay-tu-mua-mua-4166310.html
Đề xuất dùng chó nghiệp vụ xua đuổi voọc,"Thứ tư, 23/9/2020, 18:23 (GMT+7)",https://vnexpress.net/de-xuat-dung-cho-nghiep-vu-xua-duoi-vooc-4166337.html
38 tên đường ở TP HCM bị đặt sai,"Thứ tư, 23/9/2020, 18:15 (GMT+7)",https://vnexpress.net/38-ten-duong-o-tp-hcm-bi-dat-sai-4166299.html
Đường lên Sa Pa bị sạt lở,"Thứ tư, 23/9/2020, 18:13 (GMT+7)",https://vnexpress.net/duong-len-sa-pa-bi-sat-lo-4166235.html
Ông Nguyễn Hữu Đông tái cử Bí thư Tỉnh ủy Sơn La,"Thứ tư, 23/9/2020, 18:08 (GMT+7)",https://vnexpress.net/ong-nguyen-huu-dong-tai-cu-bi-thu-tinh-uy-son-la-4166326.html
Huế nên trồng cây gì sau bão Noul?,"Thứ tư, 23/9/2020, 17:47 (GMT+7)",https://vnexpress.net/hue-nen-trong-cay-gi-sau-bao-noul-4165989.html
Yên Bái xây dựng chỉ số hạnh phúc của người dân,"Thứ tư, 23/9/2020, 17:05 (GMT+7)",https://vnexpress.net/yen-bai-xay-dung-chi-so-hanh-phuc-cua-nguoi-dan-4165947.html
Tìm thấy thi thể phụ nữ bị nước cuốn,"Thứ tư, 23/9/2020, 12:51 (GMT+7)",https://vnexpress.net/tim-thay-thi-the-phu-nu-bi-nuoc-cuon-4166111.html
Thí điểm chuyến bay thương mại từ Hàn Quốc đến Việt Nam,"Thứ tư, 23/9/2020, 12:11 (GMT+7)",https://vnexpress.net/thi-diem-chuyen-bay-thuong-mai-tu-han-quoc-den-viet-nam-4166096.html
Điện lực miền Trung lý giải hơn 600 cột điện gãy đổ sau bão,"Thứ tư, 23/9/2020, 12:08 (GMT+7)",https://vnexpress.net/dien-luc-mien-trung-ly-giai-hon-600-cot-dien-gay-do-sau-bao-4165924.html
Thanh tra các dự án BT đổi đất sân bay Nha Trang,"Thứ tư, 23/9/2020, 11:27 (GMT+7)",https://vnexpress.net/thanh-tra-cac-du-an-bt-doi-dat-san-bay-nha-trang-4165941.html
Tuyến metro số 5 được đề xuất xây dựng như thế nào?,"Thứ tư, 23/9/2020, 10:49 (GMT+7)",https://vnexpress.net/tuyen-metro-so-5-duoc-de-xuat-xay-dung-nhu-the-nao-4165979.html
Nhân viên sân bay bị sét đánh tử vong,"Thứ tư, 23/9/2020, 10:05 (GMT+7)",https://vnexpress.net/nhan-vien-san-bay-bi-set-danh-tu-vong-4165992.html
Tháo dỡ trạm dừng chân xây trên đá nham thạch,"Thứ tư, 23/9/2020, 10:00 (GMT+7)",https://vnexpress.net/thao-do-tram-dung-chan-xay-tren-da-nham-thach-4165874.html
Cá mập xanh dạt vào sông,"Thứ tư, 23/9/2020, 09:54 (GMT+7)",https://vnexpress.net/ca-map-xanh-dat-vao-song-4165982.html
Sài Gòn những ngày đầu Nam Bộ kháng chiến,"Thứ tư, 23/9/2020, 00:00 (GMT+7)",https://vnexpress.net/sai-gon-nhung-ngay-dau-nam-bo-khang-chien-4164641.html
Bị phạt vì đăng bản đồ Việt Nam thể hiện sai chủ quyền quốc gia,"Thứ tư, 23/9/2020, 11:40 (GMT+7)",https://vnexpress.net/bi-phat-vi-dang-ban-do-viet-nam-the-hien-sai-chu-quyen-quoc-gia-4165829.html
Ông Nguyễn Đức Chung dự kiến bị bãi nhiệm,"Thứ ba, 22/9/2020, 23:24 (GMT+7)",https://vnexpress.net/ong-nguyen-duc-chung-du-kien-bi-bai-nhiem-4165825.html
Ba người bị sét đánh,"Thứ ba, 22/9/2020, 18:45 (GMT+7)",https://vnexpress.net/ba-nguoi-bi-set-danh-4165797.html
Phát hiện cơ sở tái chế bao cao su,"Thứ ba, 22/9/2020, 17:12 (GMT+7)",https://vnexpress.net/phat-hien-co-so-tai-che-bao-cao-su-4165715.html
24 tuyến hoạt động ở Bến xe Miền Đông mới,"Thứ ba, 22/9/2020, 16:40 (GMT+7)",https://vnexpress.net/24-tuyen-hoat-dong-o-ben-xe-mien-dong-moi-4165682.html
Thảo Cầm Viên tiếp nhận hổ mang chúa 20 kg,"Thứ ba, 22/9/2020, 16:17 (GMT+7)",https://vnexpress.net/thao-cam-vien-tiep-nhan-ho-mang-chua-20-kg-4165597.html
Bàn giao tê tê đi lạc vào nhà dân,"Thứ ba, 22/9/2020, 16:12 (GMT+7)",https://vnexpress.net/ban-giao-te-te-di-lac-vao-nha-dan-4165684.html
Ngày Nam Bộ kháng chiến qua ảnh triển lãm,"Thứ ba, 22/9/2020, 15:36 (GMT+7)",https://vnexpress.net/ngay-nam-bo-khang-chien-qua-anh-trien-lam-4165591.html
Nhiều trụ sở xã tiền tỷ không được sử dụng,"Thứ ba, 22/9/2020, 14:57 (GMT+7)",https://vnexpress.net/nhieu-tru-so-xa-tien-ty-khong-duoc-su-dung-4165528.html
Ba phương án xây cao tốc Cần Thơ - Cà Mau,"Thứ ba, 22/9/2020, 13:38 (GMT+7)",https://vnexpress.net/ba-phuong-an-xay-cao-toc-can-tho-ca-mau-4165496.html
Nghiên cứu cải tiến trang phục cảnh sát giao thông,"Thứ ba, 22/9/2020, 12:15 (GMT+7)",https://vnexpress.net/nghien-cuu-cai-tien-trang-phuc-canh-sat-giao-thong-4165505.html
Người nhập cảnh được kiểm soát Covid-19 như thế nào?,"Thứ ba, 22/9/2020, 11:26 (GMT+7)",https://vnexpress.net/nguoi-nhap-canh-duoc-kiem-soat-covid-19-nhu-the-nao-4165379.html
"TP HCM lấy ý kiến cử tri việc sáp nhập quận, phường","Thứ ba, 22/9/2020, 11:17 (GMT+7)",https://vnexpress.net/tp-hcm-lay-y-kien-cu-tri-viec-sap-nhap-quan-phuong-4165416.html
Hơn 48 tỷ đồng xử lý bãi rác Cam Ly,"Thứ ba, 22/9/2020, 10:07 (GMT+7)",https://vnexpress.net/hon-48-ty-dong-xu-ly-bai-rac-cam-ly-4165205.html
Ôtô BMW bị xe container đâm biến dạng,"Thứ ba, 22/9/2020, 08:47 (GMT+7)",https://vnexpress.net/oto-bmw-bi-xe-container-dam-bien-dang-4165366.html
450 đại biểu sẽ tham dự đại hội Đảng bộ Quân đội,"Thứ ba, 22/9/2020, 18:27 (GMT+7)",https://vnexpress.net/450-dai-bieu-se-tham-du-dai-hoi-dang-bo-quan-doi-4165704.html
4 người bị bỏng vì cháy nhà,"Thứ ba, 22/9/2020, 18:23 (GMT+7)",https://vnexpress.net/4-nguoi-bi-bong-vi-chay-nha-4165792.html
An Giang xây nhà hát 215 tỷ đồng,"Thứ ba, 22/9/2020, 17:44 (GMT+7)",https://vnexpress.net/an-giang-xay-nha-hat-215-ty-dong-4165760.html
Tài xế giúp sản phụ vượt cạn trên taxi,"Thứ ba, 22/9/2020, 17:27 (GMT+7)",https://vnexpress.net/tai-xe-giup-san-phu-vuot-can-tren-taxi-4165709.html
Bà Lê Thị Thuỷ tái cử Bí thư Hà Nam,"Thứ hai, 21/9/2020, 22:03 (GMT+7)",https://vnexpress.net/ba-le-thi-thuy-tai-cu-bi-thu-ha-nam-4165273.html
Nhiều nơi ở Thừa Thiên Huế có điện trở lại,"Thứ hai, 21/9/2020, 21:26 (GMT+7)",https://vnexpress.net/nhieu-noi-o-thua-thien-hue-co-dien-tro-lai-4165262.html
26 tấn cá chết do mưa lớn,"Thứ hai, 21/9/2020, 20:55 (GMT+7)",https://vnexpress.net/26-tan-ca-chet-do-mua-lon-4165260.html
Khách nhập cảnh phải kê khai người đón tại sân bay,"Thứ hai, 21/9/2020, 20:48 (GMT+7)",https://vnexpress.net/khach-nhap-canh-phai-ke-khai-nguoi-don-tai-san-bay-4165264.html
Mở đường bay đến Thái Lan,"Thứ hai, 21/9/2020, 20:41 (GMT+7)",https://vnexpress.net/mo-duong-bay-den-thai-lan-4165261.html
Người phụ nữ bị nước cuốn mất tích,"Thứ hai, 21/9/2020, 20:32 (GMT+7)",https://vnexpress.net/nguoi-phu-nu-bi-nuoc-cuon-mat-tich-4165258.html
Tổng bí thư: 'Công an cần tiếp tục kiện toàn bộ máy tinh gọn',"Thứ hai, 21/9/2020, 19:56 (GMT+7)",https://vnexpress.net/tong-bi-thu-cong-an-can-tiep-tuc-kien-toan-bo-may-tinh-gon-4165237.html
Một người Sri Lanka dương tính nCoV sau khi rời TP HCM,"Thứ hai, 21/9/2020, 18:10 (GMT+7)",https://vnexpress.net/mot-nguoi-sri-lanka-duong-tinh-ncov-sau-khi-roi-tp-hcm-4165228.html
Kiến nghị lùi thời điểm lắp camera trên xe vận tải,"Thứ hai, 21/9/2020, 14:48 (GMT+7)",https://vnexpress.net/kien-nghi-lui-thoi-diem-lap-camera-tren-xe-van-tai-4164956.html
"Hiện trạng lún, nứt ở Bảo tàng Mỹ thuật TP HCM","Thứ hai, 21/9/2020, 14:11 (GMT+7)",https://vnexpress.net/hien-trang-lun-nut-o-bao-tang-my-thuat-tp-hcm-4164700.html
Hà Nội đề xuất làm tuyến đường sắt hơn 65.000 tỷ đồng,"Thứ hai, 21/9/2020, 12:37 (GMT+7)",https://vnexpress.net/ha-noi-de-xuat-lam-tuyen-duong-sat-hon-65-000-ty-dong-4164746.html
TP HCM xóa 'nút cổ chai' trên nhiều tuyến đường,"Thứ hai, 21/9/2020, 08:16 (GMT+7)",https://vnexpress.net/tp-hcm-xoa-nut-co-chai-tren-nhieu-tuyen-duong-4164537.html
Bộ Nông nghiệp và Phát triển nông thôn có thứ trưởng mới,"Thứ hai, 21/9/2020, 19:59 (GMT+7)",https://vnexpress.net/bo-nong-nghiep-va-phat-trien-nong-thon-co-thu-truong-moi-4165256.html
Lao xuống sông cứu bé 2 tuổi,"Chủ nhật, 20/9/2020, 19:30 (GMT+7)",https://vnexpress.net/lao-xuong-song-cuu-be-2-tuoi-4164654.html
Miền Bắc tiếp tục đón không khí lạnh,"Chủ nhật, 20/9/2020, 19:21 (GMT+7)",https://vnexpress.net/mien-bac-tiep-tuc-don-khong-khi-lanh-4164646.html
Gắn thiết bị ngăn chặn tàu cá vi phạm lãnh hải,"Chủ nhật, 20/9/2020, 17:11 (GMT+7)",https://vnexpress.net/gan-thiet-bi-ngan-chan-tau-ca-vi-pham-lanh-hai-4161860.html
Bảo tàng Mỹ thuật TP HCM bị hư hỏng,"Chủ nhật, 20/9/2020, 16:32 (GMT+7)",https://vnexpress.net/bao-tang-my-thuat-tp-hcm-bi-hu-hong-4163695.html
'Người nhái' kéo cáp ngầm xuyên biển ra đảo Trần,"Chủ nhật, 20/9/2020, 16:15 (GMT+7)",https://vnexpress.net/nguoi-nhai-keo-cap-ngam-xuyen-bien-ra-dao-tran-4162783.html
Người Huế thu dọn hơn 10.000 cây đổ,"Chủ nhật, 20/9/2020, 14:27 (GMT+7)",https://vnexpress.net/nguoi-hue-thu-don-hon-10-000-cay-do-4164550.html
Vì sao Thủ Đức thành 'rốn ngập'?,"Chủ nhật, 20/9/2020, 10:00 (GMT+7)",https://vnexpress.net/vi-sao-thu-duc-thanh-ron-ngap-4163838.html
7 nút giao thông quan trọng ở cửa ngõ TP HCM,"Chủ nhật, 20/9/2020, 07:27 (GMT+7)",https://vnexpress.net/7-nut-giao-thong-quan-trong-o-cua-ngo-tp-hcm-4164404.html
"Bắt cá, hái rau dại mưu sinh ở Sài Gòn","Chủ nhật, 20/9/2020, 06:43 (GMT+7)",https://vnexpress.net/bat-ca-hai-rau-dai-muu-sinh-o-sai-gon-4160106.html
Hơn 280.000 hộ dân ở Huế bị mất điện,"Chủ nhật, 20/9/2020, 00:00 (GMT+7)",https://vnexpress.net/hon-280-000-ho-dan-o-hue-bi-mat-dien-4164435.html
Bị đình chỉ công tác vì gây tai nạn chết người,"Chủ nhật, 20/9/2020, 18:26 (GMT+7)",https://vnexpress.net/bi-dinh-chi-cong-tac-vi-gay-tai-nan-chet-nguoi-4164651.html
Vùng núi Hà Tĩnh ngập lụt,"Chủ nhật, 20/9/2020, 13:55 (GMT+7)",https://vnexpress.net/vung-nui-ha-tinh-ngap-lut-4164541.html
Người dân đổ ra biển nhặt sò mai,"Thứ bảy, 19/9/2020, 18:56 (GMT+7)",https://vnexpress.net/nguoi-dan-do-ra-bien-nhat-so-mai-4164388.html
Gỡ vướng mặt bằng cầu Thủ Thiêm 2 trước 15/10,"Thứ bảy, 19/9/2020, 18:45 (GMT+7)",https://vnexpress.net/go-vuong-mat-bang-cau-thu-thiem-2-truoc-15-10-4164420.html
'Yêu cầu với Hà Nội cao hơn các địa phương khác',"Thứ bảy, 19/9/2020, 15:58 (GMT+7)",https://vnexpress.net/yeu-cau-voi-ha-noi-cao-hon-cac-dia-phuong-khac-4164348.html
Phát hiện hàng trăm người nhập cảnh trái phép trong bốn ngày,"Thứ bảy, 19/9/2020, 15:27 (GMT+7)",https://vnexpress.net/phat-hien-hang-tram-nguoi-nhap-canh-trai-phep-trong-bon-ngay-4164344.html
TP HCM khánh thành hầm chui hơn 500 tỷ đồng,"Thứ bảy, 19/9/2020, 11:34 (GMT+7)",https://vnexpress.net/tp-hcm-khanh-thanh-ham-chui-hon-500-ty-dong-4164292.html
Đàn cá heo xuất hiện trên biển Phú Yên,"Thứ bảy, 19/9/2020, 11:22 (GMT+7)",https://vnexpress.net/dan-ca-heo-xuat-hien-tren-bien-phu-yen-4164267.html
Ba người bị lũ cuốn,"Thứ bảy, 19/9/2020, 10:37 (GMT+7)",https://vnexpress.net/ba-nguoi-bi-lu-cuon-4164264.html
Chuyến bay thương mại quốc tế đầu tiên được mở lại,"Thứ bảy, 19/9/2020, 10:26 (GMT+7)",https://vnexpress.net/chuyen-bay-thuong-mai-quoc-te-dau-tien-duoc-mo-lai-4164222.html
Cầu 2.250 tỷ đồng cuối sông Trà Khúc sắp hoàn thành,"Thứ bảy, 19/9/2020, 10:08 (GMT+7)",https://vnexpress.net/cau-2-250-ty-dong-cuoi-song-tra-khuc-sap-hoan-thanh-4162858.html
Cảnh sát đu dây giải cứu sáu người mắc kẹt trong nước lũ,"Thứ bảy, 19/9/2020, 09:18 (GMT+7)",https://vnexpress.net/canh-sat-du-day-giai-cuu-sau-nguoi-mac-ket-trong-nuoc-lu-4164210.html
Dùng lốp xe làm hộ lan trên đường cong,"Thứ bảy, 19/9/2020, 07:23 (GMT+7)",https://vnexpress.net/dung-lop-xe-lam-ho-lan-tren-duong-cong-4164017.html
"Xe tải đâm ôtô buýt, 20 người bị thương","Thứ bảy, 19/9/2020, 01:56 (GMT+7)",https://vnexpress.net/xe-tai-dam-oto-buyt-20-nguoi-bi-thuong-4164146.html
Hàng chục tấn cam bị rụng,"Thứ bảy, 19/9/2020, 00:00 (GMT+7)",https://vnexpress.net/hang-chuc-tan-cam-bi-rung-4163706.html
Bờ biển Cửa Đại sạt lở,"Thứ sáu, 18/9/2020, 23:26 (GMT+7)",https://vnexpress.net/bo-bien-cua-dai-sat-lo-4164076.html
Cháy hai tàu cá và ca nô,"Thứ sáu, 18/9/2020, 23:14 (GMT+7)",https://vnexpress.net/chay-hai-tau-ca-va-ca-no-4164130.html
Bệnh viện K thí điểm tự chủ,"Thứ sáu, 18/9/2020, 23:09 (GMT+7)",https://vnexpress.net/benh-vien-k-thi-diem-tu-chu-4164126.html
"Đường phố ở Hà Tĩnh, Vinh ngập hơn nửa mét","Thứ sáu, 18/9/2020, 22:52 (GMT+7)",https://vnexpress.net/duong-pho-o-ha-tinh-vinh-ngap-hon-nua-met-4164101.html
Thủ tướng: 'Tiếp tục mở đường bay quốc tế có kiểm soát',"Thứ sáu, 18/9/2020, 19:40 (GMT+7)",https://vnexpress.net/thu-tuong-tiep-tuc-mo-duong-bay-quoc-te-co-kiem-soat-4164075.html
Khu dân cư ngập sâu một mét sau mưa lớn,"Thứ sáu, 18/9/2020, 18:38 (GMT+7)",https://vnexpress.net/khu-dan-cu-ngap-sau-mot-met-sau-mua-lon-4163917.html
"Một người chết, hơn 2.400 nhà tốc mái do bão","Thứ sáu, 18/9/2020, 18:28 (GMT+7)",https://vnexpress.net/mot-nguoi-chet-hon-2-400-nha-toc-mai-do-bao-4164074.html
Khỉ đi lạc trong khu dân cư ở Sài Gòn,"Thứ sáu, 18/9/2020, 18:27 (GMT+7)",https://vnexpress.net/khi-di-lac-trong-khu-dan-cu-o-sai-gon-4164034.html
Hiệu trưởng Đại học Tôn Đức Thắng bị cách tất cả chức vụ Đảng,"Thứ sáu, 18/9/2020, 17:49 (GMT+7)",https://vnexpress.net/hieu-truong-dai-hoc-ton-duc-thang-bi-cach-tat-ca-chuc-vu-dang-4163827.html
Bộ trưởng Chu Ngọc Anh làm Phó bí thư Thành ủy Hà Nội,"Thứ sáu, 18/9/2020, 17:28 (GMT+7)",https://vnexpress.net/bo-truong-chu-ngoc-anh-lam-pho-bi-thu-thanh-uy-ha-noi-4163664.html
Thừa Thiên Huế ngổn ngang sau bão,"Thứ sáu, 18/9/2020, 16:53 (GMT+7)",https://vnexpress.net/thua-thien-hue-ngon-ngang-sau-bao-4163925.html
Thủ tướng: Cần cổ vũ nhân dân làm giàu chính đáng,"Thứ sáu, 18/9/2020, 14:27 (GMT+7)",https://vnexpress.net/thu-tuong-can-co-vu-nhan-dan-lam-giau-chinh-dang-4163789.html
Gần 800 tỷ đồng xây cầu qua sông Cần Thơ,"Thứ sáu, 18/9/2020, 12:05 (GMT+7)",https://vnexpress.net/gan-800-ty-dong-xay-cau-qua-song-can-tho-4163780.html
Ông Nguyễn Anh Đức điều hành HĐQT Saigon Co.op,"Thứ sáu, 18/9/2020, 11:12 (GMT+7)",https://vnexpress.net/ong-nguyen-anh-duc-dieu-hanh-hdqt-saigon-co-op-4163686.html
"Bão đổ bộ, một người chết","Thứ sáu, 18/9/2020, 10:21 (GMT+7)",https://vnexpress.net/bao-do-bo-mot-nguoi-chet-4163718-tong-thuat.html
Miền Bắc đón không khí lạnh,"Thứ sáu, 18/9/2020, 10:15 (GMT+7)",https://vnexpress.net/mien-bac-don-khong-khi-lanh-4163634.html
Cưỡng chế nhiều 'chung cư mini' ở Sài Gòn,"Thứ sáu, 18/9/2020, 10:02 (GMT+7)",https://vnexpress.net/cuong-che-nhieu-chung-cu-mini-o-sai-gon-4163224.html
Lốc xoáy tốc mái hàng chục căn nhà,"Thứ sáu, 18/9/2020, 09:10 (GMT+7)",https://vnexpress.net/loc-xoay-toc-mai-hang-chuc-can-nha-4163644.html
Bão áp sát khu vực Quảng Bình - Quảng Nam,"Thứ sáu, 18/9/2020, 08:07 (GMT+7)",https://vnexpress.net/bao-ap-sat-khu-vuc-quang-binh-quang-nam-4163549.html
Người dân sơ tán trong đêm,"Thứ sáu, 18/9/2020, 00:10 (GMT+7)",https://vnexpress.net/nguoi-dan-so-tan-trong-dem-4163538.html
Bão giảm cấp trước khi đổ bộ,"Thứ sáu, 18/9/2020, 00:49 (GMT+7)",https://vnexpress.net/bao-giam-cap-truoc-khi-do-bo-4163524.html
Người nhập cảnh trả phí cách ly thế nào?,"Thứ năm, 17/9/2020, 20:56 (GMT+7)",https://vnexpress.net/nguoi-nhap-canh-tra-phi-cach-ly-the-nao-4163496.html
Đà Nẵng mở lại hầu hết dịch vụ,"Thứ năm, 17/9/2020, 19:20 (GMT+7)",https://vnexpress.net/da-nang-mo-lai-hau-het-dich-vu-4163487.html
3 sân bay dừng khai thác do bão,"Thứ năm, 17/9/2020, 19:05 (GMT+7)",https://vnexpress.net/3-san-bay-dung-khai-thac-do-bao-4163490.html
Tàu thuyền cấp tập về bờ trú bão,"Thứ năm, 17/9/2020, 18:26 (GMT+7)",https://vnexpress.net/tau-thuyen-cap-tap-ve-bo-tru-bao-4163193.html
Các hãng hàng không bay quốc tế từ 18/9,"Thứ năm, 17/9/2020, 17:37 (GMT+7)",https://vnexpress.net/cac-hang-hang-khong-bay-quoc-te-tu-18-9-4163404.html
Quốc hội dành một ngày thảo luận văn kiện trình Đại hội XIII,"Thứ năm, 17/9/2020, 16:40 (GMT+7)",https://vnexpress.net/quoc-hoi-danh-mot-ngay-thao-luan-van-kien-trinh-dai-hoi-xiii-4163311.html
Người miền Trung chạy bão Noul,"Thứ năm, 17/9/2020, 15:41 (GMT+7)",https://vnexpress.net/nguoi-mien-trung-chay-bao-noul-4163330.html
Nhân viên quán cà phê vứt rác xuống biển Vũng Tàu,"Thứ năm, 17/9/2020, 15:22 (GMT+7)",https://vnexpress.net/nhan-vien-quan-ca-phe-vut-rac-xuong-bien-vung-tau-4163248.html
Một triệu học sinh nghỉ học tránh bão Noul,"Thứ năm, 17/9/2020, 14:31 (GMT+7)",https://vnexpress.net/mot-trieu-hoc-sinh-nghi-hoc-tranh-bao-noul-4163191.html
Hơn 21 tỷ đồng thay khe co giãn cầu Phú Mỹ,"Thứ năm, 17/9/2020, 14:20 (GMT+7)",https://vnexpress.net/hon-21-ty-dong-thay-khe-co-gian-cau-phu-my-4163209.html
Lấy ý kiến người dân về dự thảo văn kiện Đại hội XIII,"Thứ năm, 17/9/2020, 12:16 (GMT+7)",https://vnexpress.net/lay-y-kien-nguoi-dan-ve-du-thao-van-kien-dai-hoi-xiii-4163211.html
"7 tỉnh, thành cấm biển tránh bão","Thứ năm, 17/9/2020, 12:07 (GMT+7)",https://vnexpress.net/7-tinh-thanh-cam-bien-tranh-bao-4163149.html
Quốc hội sẽ bãi nhiệm tư cách đại biểu của ông Phạm Phú Quốc,"Thứ năm, 17/9/2020, 10:55 (GMT+7)",https://vnexpress.net/quoc-hoi-se-bai-nhiem-tu-cach-dai-bieu-cua-ong-pham-phu-quoc-4163135.html
Chính phủ đôn đốc hàng loạt công trình giao thông lớn,"Thứ năm, 17/9/2020, 10:02 (GMT+7)",https://vnexpress.net/chinh-phu-don-doc-hang-loat-cong-trinh-giao-thong-lon-4163055.html
Khu dân cư ngập suốt hai tuần ở Sài Gòn,"Thứ năm, 17/9/2020, 09:03 (GMT+7)",https://vnexpress.net/khu-dan-cu-ngap-suot-hai-tuan-o-sai-gon-4162880.html
Bà Rịa - Vũng Tàu giữ lại rừng dầu Côn Đảo,"Thứ năm, 17/9/2020, 08:10 (GMT+7)",https://vnexpress.net/ba-ria-vung-tau-giu-lai-rung-dau-con-dao-4162868.html
Giám sát người cách ly tại khách sạn thế nào,"Thứ năm, 17/9/2020, 07:53 (GMT+7)",https://vnexpress.net/giam-sat-nguoi-cach-ly-tai-khach-san-the-nao-4162864.html
"Bão tăng cấp, hướng vào Quảng Bình - Quảng Ngãi","Thứ năm, 17/9/2020, 07:45 (GMT+7)",https://vnexpress.net/bao-tang-cap-huong-vao-quang-binh-quang-ngai-4162958.html
Bắt cá khi ruộng đồng cạn nước,"Thứ năm, 17/9/2020, 00:00 (GMT+7)",https://vnexpress.net/bat-ca-khi-ruong-dong-can-nuoc-4162734.html
Tàu cao tốc ra đảo Phú Quốc ngưng hoạt động,"Thứ năm, 17/9/2020, 15:03 (GMT+7)",https://vnexpress.net/tau-cao-toc-ra-dao-phu-quoc-ngung-hoat-dong-4163226.html
Bến xe Miền Đông mới hoạt động từ ngày 10/10,"Thứ năm, 17/9/2020, 14:44 (GMT+7)",https://vnexpress.net/ben-xe-mien-dong-moi-hoat-dong-tu-ngay-10-10-4162846.html
Bão gây mưa to từ chiều 17/9,"Thứ tư, 16/9/2020, 23:00 (GMT+7)",https://vnexpress.net/bao-gay-mua-to-tu-chieu-17-9-4162914.html
"Cháy 16 phòng trọ, nhiều gia đình mất trắng tài sản","Thứ tư, 16/9/2020, 17:33 (GMT+7)",https://vnexpress.net/chay-16-phong-tro-nhieu-gia-dinh-mat-trang-tai-san-4162753.html
50 doanh nghiệp đấu thầu cao tốc Bắc Nam,"Thứ tư, 16/9/2020, 16:25 (GMT+7)",https://vnexpress.net/50-doanh-nghiep-dau-thau-cao-toc-bac-nam-4162772.html
Nhân chứng kể lại vụ xe khách đâm cảnh sát cơ động tử vong,"Thứ tư, 16/9/2020, 16:14 (GMT+7)",https://vnexpress.net/nhan-chung-ke-lai-vu-xe-khach-dam-canh-sat-co-dong-tu-vong-4162676.html
Chính phủ quyết định chưa sáp nhập sở ngành,"Thứ tư, 16/9/2020, 15:01 (GMT+7)",https://vnexpress.net/chinh-phu-quyet-dinh-chua-sap-nhap-so-nganh-4162670.html
Khánh Hòa sẽ cưỡng chế 7 công trình xây trái phép,"Thứ tư, 16/9/2020, 14:00 (GMT+7)",https://vnexpress.net/khanh-hoa-se-cuong-che-7-cong-trinh-xay-trai-phep-4162652.html
Sẽ có nhiều điểm mới trong cấp giấy phép lái xe,"Thứ tư, 16/9/2020, 12:37 (GMT+7)",https://vnexpress.net/se-co-nhieu-diem-moi-trong-cap-giay-phep-lai-xe-4162545.html
TP HCM gắn tên đường Lê Văn Duyệt,"Thứ tư, 16/9/2020, 11:24 (GMT+7)",https://vnexpress.net/tp-hcm-gan-ten-duong-le-van-duyet-4162603.html
Áp thấp nhiệt đới mạnh lên thành bão,"Thứ tư, 16/9/2020, 07:07 (GMT+7)",https://vnexpress.net/ap-thap-nhiet-doi-manh-len-thanh-bao-4162376.html
"Hà Nội, TP HCM được tăng thêm 10 phó giám đốc sở","Thứ tư, 16/9/2020, 00:00 (GMT+7)",https://vnexpress.net/ha-noi-tp-hcm-duoc-tang-them-10-pho-giam-doc-so-4162342.html
Quảng Ngãi chi hơn 17 tỷ đồng thuê chuyên gia y tế Cuba,"Thứ tư, 16/9/2020, 00:00 (GMT+7)",https://vnexpress.net/quang-ngai-chi-hon-17-ty-dong-thue-chuyen-gia-y-te-cuba-4162313.html
Hai phó phòng cấp huyện bị kỷ luật,"Thứ tư, 16/9/2020, 16:17 (GMT+7)",https://vnexpress.net/hai-pho-phong-cap-huyen-bi-ky-luat-4162658.html
Thăng quân hàm với cảnh sát cơ động bị xe đâm tử vong,"Thứ ba, 15/9/2020, 23:45 (GMT+7)",https://vnexpress.net/thang-quan-ham-voi-canh-sat-co-dong-bi-xe-dam-tu-vong-4162337.html
Đà Nẵng lập tổ chống Covid-19 ở tất cả khu dân cư,"Thứ ba, 15/9/2020, 23:29 (GMT+7)",https://vnexpress.net/da-nang-lap-to-chong-covid-19-o-tat-ca-khu-dan-cu-4162346.html
"Sân bay, bến xe ở Đà Nẵng vắng khách","Thứ ba, 15/9/2020, 23:18 (GMT+7)",https://vnexpress.net/san-bay-ben-xe-o-da-nang-vang-khach-4162198.html
Việt Nam mở lại 6 đường bay quốc tế,"Thứ ba, 15/9/2020, 19:20 (GMT+7)",https://vnexpress.net/viet-nam-mo-lai-6-duong-bay-quoc-te-4162298.html
Có nên tách Luật Giao thông đường bộ thành hai luật?,"Thứ ba, 15/9/2020, 19:09 (GMT+7)",https://vnexpress.net/co-nen-tach-luat-giao-thong-duong-bo-thanh-hai-luat-4162278.html
Biển Đông xuất hiện áp thấp nhiệt đới,"Thứ ba, 15/9/2020, 18:58 (GMT+7)",https://vnexpress.net/bien-dong-xuat-hien-ap-thap-nhiet-doi-4162268.html
Chấm dứt hợp đồng BOT cầu đường Bình Triệu 2,"Thứ ba, 15/9/2020, 18:43 (GMT+7)",https://vnexpress.net/cham-dut-hop-dong-bot-cau-duong-binh-trieu-2-4162289.html
'Cách ly khách nhập cảnh 5 ngày là phù hợp',"Thứ ba, 15/9/2020, 18:08 (GMT+7)",https://vnexpress.net/cach-ly-khach-nhap-canh-5-ngay-la-phu-hop-4162142.html
"Hà Nội cho karaoke, bar, vũ trường hoạt động từ 16/9","Thứ ba, 15/9/2020, 15:17 (GMT+7)",https://vnexpress.net/ha-noi-cho-karaoke-bar-vu-truong-hoat-dong-tu-16-9-4162150.html
Người từ Đà Nẵng ra Thừa Thiên Huế phải đăng ký trước,"Thứ ba, 15/9/2020, 14:19 (GMT+7)",https://vnexpress.net/nguoi-tu-da-nang-ra-thua-thien-hue-phai-dang-ky-truoc-4162072.html
Cháy ôtô khách trong Bến xe Miền Đông,"Thứ ba, 15/9/2020, 14:15 (GMT+7)",https://vnexpress.net/chay-oto-khach-trong-ben-xe-mien-dong-4162088.html
Việt Nam bổ sung vật tư y tế vào dự trữ quốc gia,"Thứ ba, 15/9/2020, 12:05 (GMT+7)",https://vnexpress.net/viet-nam-bo-sung-vat-tu-y-te-vao-du-tru-quoc-gia-4162038.html
Chưa chốt ngày mở đường bay thương mại quốc tế,"Thứ ba, 15/9/2020, 11:22 (GMT+7)",https://vnexpress.net/chua-chot-ngay-mo-duong-bay-thuong-mai-quoc-te-4161724.html
Quảng Ngãi có tân chủ tịch tỉnh,"Thứ ba, 15/9/2020, 10:06 (GMT+7)",https://vnexpress.net/quang-ngai-co-tan-chu-tich-tinh-4161945.html
Xe khách đâm cảnh sát cơ động tử vong,"Thứ ba, 15/9/2020, 09:13 (GMT+7)",https://vnexpress.net/xe-khach-dam-canh-sat-co-dong-tu-vong-4161880.html
60 cán bộ Quảng Ngãi xin nghỉ hưu trước tuổi,"Thứ ba, 15/9/2020, 09:00 (GMT+7)",https://vnexpress.net/60-can-bo-quang-ngai-xin-nghi-huu-truoc-tuoi-4161846.html
Ôtô tông chết 3 phụ nữ đi xe máy,"Thứ ba, 15/9/2020, 08:58 (GMT+7)",https://vnexpress.net/oto-tong-chet-3-phu-nu-di-xe-may-4161901.html
Ga Sài Gòn bán vé tàu Tết,"Thứ ba, 15/9/2020, 07:54 (GMT+7)",https://vnexpress.net/ga-sai-gon-ban-ve-tau-tet-4161717.html
"Bệnh viện, trạm biến áp ngập sau mưa","Thứ ba, 15/9/2020, 02:54 (GMT+7)",https://vnexpress.net/benh-vien-tram-bien-ap-ngap-sau-mua-4161808.html
Tàu cá trôi dạt cùng 19 thuyền viên được cứu,"Thứ ba, 15/9/2020, 16:00 (GMT+7)",https://vnexpress.net/tau-ca-troi-dat-cung-19-thuyen-vien-duoc-cuu-4162200.html
Mua bù 23.000 tấn gạo đã xuất cấp cứu trợ và viện trợ,"Thứ ba, 15/9/2020, 14:40 (GMT+7)",https://vnexpress.net/mua-bu-23-000-tan-gao-da-xuat-cap-cuu-tro-va-vien-tro-4162062.html
Giám đốc Sở ở Khánh Hòa xin thôi việc,"Thứ ba, 15/9/2020, 09:17 (GMT+7)",https://vnexpress.net/giam-doc-so-o-khanh-hoa-xin-thoi-viec-4161834.html
Thừa Thiên Huế muốn làm cầu vượt cửa biển Thuận An,"Thứ ba, 15/9/2020, 01:00 (GMT+7)",https://vnexpress.net/thua-thien-hue-muon-lam-cau-vuot-cua-bien-thuan-an-4161612.html
CSGT truy đuổi xe khách trên cao tốc,"Thứ hai, 14/9/2020, 22:08 (GMT+7)",https://vnexpress.net/csgt-truy-duoi-xe-khach-tren-cao-toc-4161773.html
Nhân viên bảo trì tử vong khi sửa thang máy,"Thứ hai, 14/9/2020, 21:58 (GMT+7)",https://vnexpress.net/nhan-vien-bao-tri-tu-vong-khi-sua-thang-may-4161768.html
Bắt được cá trắm đen nặng 35 kg,"Thứ hai, 14/9/2020, 21:44 (GMT+7)",https://vnexpress.net/bat-duoc-ca-tram-den-nang-35-kg-4161750.html
Nhiều người vượt biên trái phép,"Thứ hai, 14/9/2020, 21:29 (GMT+7)",https://vnexpress.net/nhieu-nguoi-vuot-bien-trai-phep-4161732.html
Bổ nhiệm Tư lệnh Hải Quân và Bộ đội Biên phòng,"Thứ hai, 14/9/2020, 20:46 (GMT+7)",https://vnexpress.net/bo-nhiem-tu-lenh-hai-quan-va-bo-doi-bien-phong-4161762.html
Hơn 2.300 phòng khách sạn nhận người nhập cảnh,"Thứ hai, 14/9/2020, 19:45 (GMT+7)",https://vnexpress.net/hon-2-300-phong-khach-san-nhan-nguoi-nhap-canh-4161735.html
Chủ tiệm phế liệu trả lại 87 triệu đồng nhặt được,"Thứ hai, 14/9/2020, 19:40 (GMT+7)",https://vnexpress.net/chu-tiem-phe-lieu-tra-lai-87-trieu-dong-nhat-duoc-4161752.html
Gần 60.000 người ở Hà Nội đăng ký hưởng trợ cấp thất nghiệp,"Thứ hai, 14/9/2020, 17:43 (GMT+7)",https://vnexpress.net/gan-60-000-nguoi-o-ha-noi-dang-ky-huong-tro-cap-that-nghiep-4161689.html
Cầu Thủ Thiêm 2 vướng mặt bằng,"Thứ hai, 14/9/2020, 17:02 (GMT+7)",https://vnexpress.net/cau-thu-thiem-2-vuong-mat-bang-4161626.html
Đơn thư tố cáo tăng trước thềm đại hội đảng bộ các cấp,"Thứ hai, 14/9/2020, 16:46 (GMT+7)",https://vnexpress.net/don-thu-to-cao-tang-truoc-them-dai-hoi-dang-bo-cac-cap-4161512.html
Đà Nẵng gỡ bỏ chốt kiểm soát phòng dịch ở các cửa ngõ,"Thứ hai, 14/9/2020, 16:25 (GMT+7)",https://vnexpress.net/da-nang-go-bo-chot-kiem-soat-phong-dich-o-cac-cua-ngo-4161650.html
Thừa Thiên Huế sẽ bỏ giãn cách với người đến từ vùng dịch,"Thứ hai, 14/9/2020, 16:07 (GMT+7)",https://vnexpress.net/thua-thien-hue-se-bo-gian-cach-voi-nguoi-den-tu-vung-dich-4161536.html
Hải Dương dỡ bỏ ba khu cách ly,"Thứ hai, 14/9/2020, 15:41 (GMT+7)",https://vnexpress.net/hai-duong-do-bo-ba-khu-cach-ly-4161498.html
CSGT xử lý xe gắn 'mác' quyền ưu tiên,"Thứ hai, 14/9/2020, 15:09 (GMT+7)",https://vnexpress.net/csgt-xu-ly-xe-gan-mac-quyen-uu-tien-4161504.html
Nguyên Chủ tịch TP Đà Nẵng bị đề nghị khai trừ Đảng,"Thứ hai, 14/9/2020, 14:11 (GMT+7)",https://vnexpress.net/nguyen-chu-tich-tp-da-nang-bi-de-nghi-khai-tru-dang-4161531.html
Sài Gòn sẽ mưa to cả tuần,"Thứ hai, 14/9/2020, 12:27 (GMT+7)",https://vnexpress.net/sai-gon-se-mua-to-ca-tuan-4161434.html
Lộ bí mật nhà nước trên mạng 'ngày càng nghiêm trọng',"Thứ hai, 14/9/2020, 12:10 (GMT+7)",https://vnexpress.net/lo-bi-mat-nha-nuoc-tren-mang-ngay-cang-nghiem-trong-4161457.html
Mưa lũ khiến hai người chết,"Thứ hai, 14/9/2020, 12:01 (GMT+7)",https://vnexpress.net/mua-lu-khien-hai-nguoi-chet-4161454.html
'Số vụ tham nhũng được phát hiện chưa phản ánh đúng thực trạng',"Thứ hai, 14/9/2020, 11:54 (GMT+7)",https://vnexpress.net/so-vu-tham-nhung-duoc-phat-hien-chua-phan-anh-dung-thuc-trang-4161428.html
Hà Tĩnh muốn xây sân bay quốc tế,"Thứ hai, 14/9/2020, 10:58 (GMT+7)",https://vnexpress.net/ha-tinh-muon-xay-san-bay-quoc-te-4161327.html
Cháy chi nhánh ngân hàng ở Sài Gòn,"Thứ hai, 14/9/2020, 10:50 (GMT+7)",https://vnexpress.net/chay-chi-nhanh-ngan-hang-o-sai-gon-4161363.html
Khách bỏ quên gần 300 triệu đồng trên máy bay,"Thứ hai, 14/9/2020, 09:45 (GMT+7)",https://vnexpress.net/khach-bo-quen-gan-300-trieu-dong-tren-may-bay-4161343.html
Học sinh Đà Nẵng đến trường,"Thứ hai, 14/9/2020, 09:34 (GMT+7)",https://vnexpress.net/hoc-sinh-da-nang-den-truong-4161286.html
Tăng chuyến bay từ các nước ít nguy cơ lây nCoV,"Thứ hai, 14/9/2020, 08:57 (GMT+7)",https://vnexpress.net/tang-chuyen-bay-tu-cac-nuoc-it-nguy-co-lay-ncov-4161236.html
Cách ly 14 ngày đối với du học sinh Lào,"Thứ hai, 14/9/2020, 16:29 (GMT+7)",https://vnexpress.net/cach-ly-14-ngay-doi-voi-du-hoc-sinh-lao-4161579.html
FLC muốn xây sân bay Quảng Trị,"Thứ hai, 14/9/2020, 21:30 (GMT+7)",https://vnexpress.net/flc-muon-xay-san-bay-quang-tri-4161738.html
5 trẻ chết đuối dưới ao,"Chủ nhật, 13/9/2020, 21:19 (GMT+7)",https://vnexpress.net/5-tre-chet-duoi-duoi-ao-4161172.html
"Hà Nội tiếp tục cấm taxi, xe hợp đồng trên 10 tuyến phố","Chủ nhật, 13/9/2020, 20:02 (GMT+7)",https://vnexpress.net/ha-noi-tiep-tuc-cam-taxi-xe-hop-dong-tren-10-tuyen-pho-4161160.html
Miền Bắc cuối tuần tới đón không khí lạnh,"Chủ nhật, 13/9/2020, 18:40 (GMT+7)",https://vnexpress.net/mien-bac-cuoi-tuan-toi-don-khong-khi-lanh-4161149.html
"32 học sinh nhập viện, nghi ngộ độc thực phẩm","Chủ nhật, 13/9/2020, 13:22 (GMT+7)",https://vnexpress.net/32-hoc-sinh-nhap-vien-nghi-ngo-doc-thuc-pham-4161088.html
Bỏ giãn cách ghế ngồi trên máy bay từ Đà Nẵng,"Chủ nhật, 13/9/2020, 12:11 (GMT+7)",https://vnexpress.net/bo-gian-cach-ghe-ngoi-tren-may-bay-tu-da-nang-4161083.html
"Hàng trăm bao hàng sập, đè chết 2 người","Chủ nhật, 13/9/2020, 11:55 (GMT+7)",https://vnexpress.net/hang-tram-bao-hang-sap-de-chet-2-nguoi-4161067.html
Ôtô 4 chỗ bị xe container tông biến dạng,"Chủ nhật, 13/9/2020, 11:14 (GMT+7)",https://vnexpress.net/oto-4-cho-bi-xe-container-tong-bien-dang-4161057.html
407 hũ tro cốt tại chùa Kỳ Quang 2 được nhận diện,"Chủ nhật, 13/9/2020, 10:51 (GMT+7)",https://vnexpress.net/407-hu-tro-cot-tai-chua-ky-quang-2-duoc-nhan-dien-4161041.html
Rừng ngập mặn mới trồng xong đã chết,"Chủ nhật, 13/9/2020, 10:31 (GMT+7)",https://vnexpress.net/rung-ngap-man-moi-trong-xong-da-chet-4160986.html
Dân giao mặt bằng làm Metro Số 2,"Chủ nhật, 13/9/2020, 09:46 (GMT+7)",https://vnexpress.net/dan-giao-mat-bang-lam-metro-so-2-4160856.html
Vì sao Việt Nam đề xuất lập Trung tâm gìn giữ hòa bình khu vực?,"Chủ nhật, 13/9/2020, 00:00 (GMT+7)",https://vnexpress.net/vi-sao-viet-nam-de-xuat-lap-trung-tam-gin-giu-hoa-binh-khu-vuc-4160914.html
Xây 5 cầu kết nối Đồng Nai với các tỉnh,"Chủ nhật, 13/9/2020, 00:00 (GMT+7)",https://vnexpress.net/xay-5-cau-ket-noi-dong-nai-voi-cac-tinh-4160807.html
Trèo núi đá thu hoạch na,"Chủ nhật, 13/9/2020, 00:00 (GMT+7)",https://vnexpress.net/treo-nui-da-thu-hoach-na-4160482.html
Thư viện 15 tỷ đồng trong ngôi trường hơn trăm tuổi,"Chủ nhật, 13/9/2020, 00:00 (GMT+7)",https://vnexpress.net/thu-vien-15-ty-dong-trong-ngoi-truong-hon-tram-tuoi-4158981.html
Thu hồi trái châu gần 100 tuổi bị trộm ở Lăng Ông,"Thứ bảy, 12/9/2020, 15:13 (GMT+7)",https://vnexpress.net/thu-hoi-trai-chau-gan-100-tuoi-bi-trom-o-lang-ong-4160805.html
"Kiến nghị thống nhất việc giám sát y tế người dân Quảng Nam, Đà Nẵng","Thứ bảy, 12/9/2020, 12:08 (GMT+7)",https://vnexpress.net/kien-nghi-thong-nhat-viec-giam-sat-y-te-nguoi-dan-quang-nam-da-nang-4160220.html
9 sĩ quan công an được thăng hàm cấp tướng,"Thứ bảy, 12/9/2020, 10:52 (GMT+7)",https://vnexpress.net/9-si-quan-cong-an-duoc-thang-ham-cap-tuong-4160743.html
Căn hầm bí mật trong nhà của Biệt động Sài Gòn,"Thứ bảy, 12/9/2020, 09:10 (GMT+7)",https://vnexpress.net/can-ham-bi-mat-trong-nha-cua-biet-dong-sai-gon-4160254.html
Văn kiện đại hội Đảng phải 'ai đọc cũng hiểu',"Thứ bảy, 12/9/2020, 00:44 (GMT+7)",https://vnexpress.net/van-kien-dai-hoi-dang-phai-ai-doc-cung-hieu-4160635.html
Tử vong vì ăn ốc biển,"Thứ bảy, 12/9/2020, 23:44 (GMT+7)",https://vnexpress.net/tu-vong-vi-an-oc-bien-4160934.html
Bộ Chính trị cho ý kiến về dự thảo văn kiện Đảng bộ Quân đội,"Thứ bảy, 12/9/2020, 18:39 (GMT+7)",https://vnexpress.net/bo-chinh-tri-cho-y-kien-ve-du-thao-van-kien-dang-bo-quan-doi-4160880.html
Đà Nẵng ngày đầu nới lỏng cách ly xã hội,"Thứ sáu, 11/9/2020, 23:42 (GMT+7)",https://vnexpress.net/da-nang-ngay-dau-noi-long-cach-ly-xa-hoi-4160594.html
Lập bản đồ trực tuyến cảnh báo hạn mặn ở đồng bằng sông Cửu Long,"Thứ sáu, 11/9/2020, 22:55 (GMT+7)",https://vnexpress.net/lap-ban-do-truc-tuyen-canh-bao-han-man-o-dong-bang-song-cuu-long-4160608.html
Người Sài Gòn vật lộn sau mưa lớn,"Thứ sáu, 11/9/2020, 22:01 (GMT+7)",https://vnexpress.net/nguoi-sai-gon-vat-lon-sau-mua-lon-4160612.html
Ông Nguyễn Đắc Vinh làm Bí thư Đảng ủy Văn phòng Trung ương Đảng,"Thứ sáu, 11/9/2020, 21:48 (GMT+7)",https://vnexpress.net/ong-nguyen-dac-vinh-lam-bi-thu-dang-uy-van-phong-trung-uong-dang-4160617.html
Xe buýt bốc cháy ở Sài Gòn,"Thứ sáu, 11/9/2020, 21:21 (GMT+7)",https://vnexpress.net/xe-buyt-boc-chay-o-sai-gon-4160613.html
Đề xuất quản lý người sử dụng trái phép chất ma tuý,"Thứ sáu, 11/9/2020, 19:16 (GMT+7)",https://vnexpress.net/de-xuat-quan-ly-nguoi-su-dung-trai-phep-chat-ma-tuy-4160581.html
Ông Diệp Dũng được điều động về Công ty Đầu tư Tài chính,"Thứ sáu, 11/9/2020, 17:57 (GMT+7)",https://vnexpress.net/ong-diep-dung-duoc-dieu-dong-ve-cong-ty-dau-tu-tai-chinh-4159390.html
Thừa Thiên Huế cho phép mọi hoạt động trở lại bình thường,"Thứ sáu, 11/9/2020, 17:07 (GMT+7)",https://vnexpress.net/thua-thien-hue-cho-phep-moi-hoat-dong-tro-lai-binh-thuong-4160494.html
2.200 tỷ đồng xây cầu nối TP HCM với Đồng Nai,"Thứ sáu, 11/9/2020, 16:32 (GMT+7)",https://vnexpress.net/2-200-ty-dong-xay-cau-noi-tp-hcm-voi-dong-nai-4160464.html
Thủ tướng bổ nhiệm hai thứ trưởng,"Thứ sáu, 11/9/2020, 15:36 (GMT+7)",https://vnexpress.net/thu-tuong-bo-nhiem-hai-thu-truong-4160427.html
Ngành đường sắt chạy lại nhiều tàu khách,"Thứ sáu, 11/9/2020, 15:33 (GMT+7)",https://vnexpress.net/nganh-duong-sat-chay-lai-nhieu-tau-khach-4160453.html
Xe bồn đổ trộm chất thải ở đại lộ Thăng Long,"Thứ sáu, 11/9/2020, 14:53 (GMT+7)",https://vnexpress.net/xe-bon-do-trom-chat-thai-o-dai-lo-thang-long-4160356.html
Đề xuất hợp nhất 750.000 người làm bảo vệ trật tự ở cơ sở,"Thứ sáu, 11/9/2020, 14:49 (GMT+7)",https://vnexpress.net/de-xuat-hop-nhat-750-000-nguoi-lam-bao-ve-trat-tu-o-co-so-4160378.html
Các hãng hàng không xem xét mở lại đường bay thương mại,"Thứ sáu, 11/9/2020, 14:09 (GMT+7)",https://vnexpress.net/cac-hang-hang-khong-xem-xet-mo-lai-duong-bay-thuong-mai-4160363.html
Khoảng 20.000 người sắp nhập cảnh Việt Nam,"Thứ sáu, 11/9/2020, 12:13 (GMT+7)",https://vnexpress.net/khoang-20-000-nguoi-sap-nhap-canh-viet-nam-4160304.html
"'Quản lý thực phẩm, tính mạng con người quan trọng nhất'","Thứ sáu, 11/9/2020, 11:27 (GMT+7)",https://vnexpress.net/quan-ly-thuc-pham-tinh-mang-con-nguoi-quan-trong-nhat-4159551.html
Học sinh bị tường rào đè tử vong,"Thứ sáu, 11/9/2020, 11:09 (GMT+7)",https://vnexpress.net/hoc-sinh-bi-tuong-rao-de-tu-vong-4160292.html
Người Đà Nẵng đi tắm biển sau 45 ngày cách ly,"Thứ sáu, 11/9/2020, 10:51 (GMT+7)",https://vnexpress.net/nguoi-da-nang-di-tam-bien-sau-45-ngay-cach-ly-4160241.html
Thu hoạch hồng vành khuyên trên núi,"Thứ sáu, 11/9/2020, 00:00 (GMT+7)",https://vnexpress.net/thu-hoach-hong-vanh-khuyen-tren-nui-4160034.html
'Cán bộ không nên nghĩ đã được quy hoạch thì sẽ trúng cử',"Thứ sáu, 11/9/2020, 00:00 (GMT+7)",https://vnexpress.net/can-bo-khong-nen-nghi-da-duoc-quy-hoach-thi-se-trung-cu-4159796.html
Chuyên gia: 'Nên giữ ổn định việc sát hạch lái xe',"Thứ sáu, 11/9/2020, 00:00 (GMT+7)",https://vnexpress.net/chuyen-gia-nen-giu-on-dinh-viec-sat-hach-lai-xe-4159231.html
Trường tiểu học dừng hoạt động vì sạt lở,"Thứ sáu, 11/9/2020, 11:40 (GMT+7)",https://vnexpress.net/truong-tieu-hoc-dung-hoat-dong-vi-sat-lo-4160302.html
AIPA 41 đặt dấu ấn về việc hình thành cơ chế cho nghị sĩ trẻ,"Thứ năm, 10/9/2020, 20:19 (GMT+7)",https://vnexpress.net/aipa-41-dat-dau-an-ve-viec-hinh-thanh-co-che-cho-nghi-si-tre-4159964.html
Khách nhập cảnh Việt Nam tự trả phí xét nghiệm và cách ly,"Thứ năm, 10/9/2020, 19:41 (GMT+7)",https://vnexpress.net/khach-nhap-canh-viet-nam-tu-tra-phi-xet-nghiem-va-cach-ly-4160062.html
Khe co giãn cầu Phú Mỹ hư hỏng,"Thứ năm, 10/9/2020, 17:32 (GMT+7)",https://vnexpress.net/khe-co-gian-cau-phu-my-hu-hong-4159972.html
"Đà Nẵng cho tắm biển, mở cửa hàng ăn uống","Thứ năm, 10/9/2020, 16:57 (GMT+7)",https://vnexpress.net/da-nang-cho-tam-bien-mo-cua-hang-an-uong-4159994.html
Bến Tre xây hồ nước ngọt lớn nhất miền Tây,"Thứ năm, 10/9/2020, 15:48 (GMT+7)",https://vnexpress.net/ben-tre-xay-ho-nuoc-ngot-lon-nhat-mien-tay-4159894.html
Bế mạc Đại hội đồng liên nghị viện ASEAN lần thứ 41,"Thứ năm, 10/9/2020, 15:11 (GMT+7)",https://vnexpress.net/be-mac-dai-hoi-dong-lien-nghi-vien-asean-lan-thu-41-4159876.html
Nguyên Trưởng ban Nội chính Thái Bình tử vong,"Thứ năm, 10/9/2020, 14:10 (GMT+7)",https://vnexpress.net/nguyen-truong-ban-noi-chinh-thai-binh-tu-vong-4159863.html
Hàng loạt cán bộ ở Trà Vinh 'trục lợi' chính sách,"Thứ năm, 10/9/2020, 13:03 (GMT+7)",https://vnexpress.net/hang-loat-can-bo-o-tra-vinh-truc-loi-chinh-sach-4159386.html
Cứu 25 người trên tàu bị đâm chìm,"Thứ năm, 10/9/2020, 12:31 (GMT+7)",https://vnexpress.net/cuu-25-nguoi-tren-tau-bi-dam-chim-4159759.html
Nạn giăng bẫy săn chim trời,"Thứ năm, 10/9/2020, 12:24 (GMT+7)",https://vnexpress.net/nan-giang-bay-san-chim-troi-4159798.html
Hành trình nữ sinh Hà Nội dương tính nCoV khi đến Pháp,"Thứ năm, 10/9/2020, 11:08 (GMT+7)",https://vnexpress.net/hanh-trinh-nu-sinh-ha-noi-duong-tinh-ncov-khi-den-phap-4159764.html
Quảng Trị có tân Chủ tịch HĐND tỉnh,"Thứ năm, 10/9/2020, 09:43 (GMT+7)",https://vnexpress.net/quang-tri-co-tan-chu-tich-hdnd-tinh-4159662.html
Cần 471 tỷ đồng quản lý hai tuyến metro ở Sài Gòn,"Thứ năm, 10/9/2020, 07:00 (GMT+7)",https://vnexpress.net/can-471-ty-dong-quan-ly-hai-tuyen-metro-o-sai-gon-4159245.html
Cấp giấy phép xây dựng trên Cổng dịch vụ công quốc gia,"Thứ năm, 10/9/2020, 00:00 (GMT+7)",https://vnexpress.net/cap-giay-phep-xay-dung-tren-cong-dich-vu-cong-quoc-gia-4159547.html
Lập điểm trường lẻ để trẻ không phải đi học xa,"Thứ năm, 10/9/2020, 15:27 (GMT+7)",https://vnexpress.net/lap-diem-truong-le-de-tre-khong-phai-di-hoc-xa-4159887.html
Bà Tòng Thị Phóng nhận giải thưởng cống hiến xuất sắc AIPA,"Thứ năm, 10/9/2020, 14:03 (GMT+7)",https://vnexpress.net/ba-tong-thi-phong-nhan-giai-thuong-cong-hien-xuat-sac-aipa-4159853.html
Mở rộng sân bay Nội Bài,"Thứ tư, 9/9/2020, 21:50 (GMT+7)",https://vnexpress.net/mo-rong-san-bay-noi-bai-4159499.html
Sơ yếu lý lịch công chức dùng bản điện tử từ năm 2023,"Thứ tư, 9/9/2020, 21:44 (GMT+7)",https://vnexpress.net/so-yeu-ly-lich-cong-chuc-dung-ban-dien-tu-tu-nam-2023-4159521.html
Đặt hàng doanh nghiệp xét nghiệm Covid-19 tại sân bay,"Thứ tư, 9/9/2020, 21:31 (GMT+7)",https://vnexpress.net/dat-hang-doanh-nghiep-xet-nghiem-covid-19-tai-san-bay-4159508.html
Bác sĩ Nguyễn Trung Cấp được đề cử 'Công dân thủ đô ưu tú',"Thứ tư, 9/9/2020, 19:10 (GMT+7)",https://vnexpress.net/bac-si-nguyen-trung-cap-duoc-de-cu-cong-dan-thu-do-uu-tu-4159477.html
Nam công chức ở Huế mặc áo dài để 'giữ gìn nếp xưa',"Thứ tư, 9/9/2020, 17:35 (GMT+7)",https://vnexpress.net/nam-cong-chuc-o-hue-mac-ao-dai-de-giu-gin-nep-xua-4159260.html
Việt Nam đề xuất ASEAN nghiên cứu 'du lịch cầu hàng không',"Thứ tư, 9/9/2020, 16:30 (GMT+7)",https://vnexpress.net/viet-nam-de-xuat-asean-nghien-cuu-du-lich-cau-hang-khong-4159377.html
Trâu hoang rượt đuổi người,"Thứ tư, 9/9/2020, 15:33 (GMT+7)",https://vnexpress.net/trau-hoang-ruot-duoi-nguoi-4159256.html
Nhiều người tìm được tro cốt thân nhân tại chùa Kỳ Quang 2,"Thứ tư, 9/9/2020, 15:31 (GMT+7)",https://vnexpress.net/nhieu-nguoi-tim-duoc-tro-cot-than-nhan-tai-chua-ky-quang-2-4159277.html
AIPA đề cao tinh thần thượng tôn pháp luật về vấn đề Biển Đông,"Thứ tư, 9/9/2020, 14:28 (GMT+7)",https://vnexpress.net/aipa-de-cao-tinh-than-thuong-ton-phap-luat-ve-van-de-bien-dong-4159294.html
Thu hồi gần 300 lọ pate Minh Chay,"Thứ tư, 9/9/2020, 11:57 (GMT+7)",https://vnexpress.net/thu-hoi-gan-300-lo-pate-minh-chay-4159199.html
Quận Hoàn Kiếm dự kiến cho phép nhiều dịch vụ xuyên đêm,"Thứ tư, 9/9/2020, 11:41 (GMT+7)",https://vnexpress.net/quan-hoan-kiem-du-kien-cho-phep-nhieu-dich-vu-xuyen-dem-4159189.html
Xe Camry nát đầu vì đàn bò sang đường,"Thứ tư, 9/9/2020, 11:37 (GMT+7)",https://vnexpress.net/xe-camry-nat-dau-vi-dan-bo-sang-duong-4159210.html
Ngư dân nướng cá trích kiếm tiền triệu mỗi ngày,"Thứ tư, 9/9/2020, 04:00 (GMT+7)",https://vnexpress.net/ngu-dan-nuong-ca-trich-kiem-tien-trieu-moi-ngay-4158734.html
"'Giữ tro cốt trong chùa, cần cái tâm hơn quy chế'","Thứ tư, 9/9/2020, 00:10 (GMT+7)",https://vnexpress.net/giu-tro-cot-trong-chua-can-cai-tam-hon-quy-che-4158608.html
Đề nghị công nhận địa đạo Củ Chi là Di sản Thế giới,"Thứ tư, 9/9/2020, 00:00 (GMT+7)",https://vnexpress.net/de-nghi-cong-nhan-dia-dao-cu-chi-la-di-san-the-gioi-4158928.html
Cặp vợ chồng 12 năm bốc vác ở Hà Nội,"Thứ tư, 9/9/2020, 00:00 (GMT+7)",https://vnexpress.net/cap-vo-chong-12-nam-boc-vac-o-ha-noi-4158171.html
Nữ nghị sĩ AIPA tìm giải pháp hỗ trợ lao động nữ,"Thứ ba, 8/9/2020, 23:08 (GMT+7)",https://vnexpress.net/nu-nghi-si-aipa-tim-giai-phap-ho-tro-lao-dong-nu-4158967.html
Đề nghị ASEAN hợp tác phát triển vaccine ngừa Covid-19,"Thứ ba, 8/9/2020, 18:50 (GMT+7)",https://vnexpress.net/de-nghi-asean-hop-tac-phat-trien-vaccine-ngua-covid-19-4158789.html
Gần 300 khu đất công bị lãng phí,"Thứ ba, 8/9/2020, 18:49 (GMT+7)",https://vnexpress.net/gan-300-khu-dat-cong-bi-lang-phi-4158863.html
Xe ben đổ đá khi bị CSGT truy đuổi,"Thứ ba, 8/9/2020, 18:32 (GMT+7)",https://vnexpress.net/xe-ben-do-da-khi-bi-csgt-truy-duoi-4158837.html
Nam công chức ngành văn hóa Huế mặc áo dài đến công sở,"Thứ ba, 8/9/2020, 18:29 (GMT+7)",https://vnexpress.net/nam-cong-chuc-nganh-van-hoa-hue-mac-ao-dai-den-cong-so-4158312.html
Hàng xà cừ trong sân trường bị cắt trụi,"Thứ ba, 8/9/2020, 17:40 (GMT+7)",https://vnexpress.net/hang-xa-cu-trong-san-truong-bi-cat-trui-4158856.html
Nguyên Chủ tịch tỉnh Quảng Ngãi bị cảnh cáo,"Thứ ba, 8/9/2020, 16:05 (GMT+7)",https://vnexpress.net/nguyen-chu-tich-tinh-quang-ngai-bi-canh-cao-4158812.html
Tài xế chém gãy gương chiếu hậu xe khách trên cao tốc,"Thứ ba, 8/9/2020, 14:55 (GMT+7)",https://vnexpress.net/tai-xe-chem-gay-guong-chieu-hau-xe-khach-tren-cao-toc-4158713.html
Hàng trăm phụ huynh không cho con đi học,"Thứ ba, 8/9/2020, 12:00 (GMT+7)",https://vnexpress.net/hang-tram-phu-huynh-khong-cho-con-di-hoc-4158632.html
Khai mạc Đại hội đồng liên nghị viện ASEAN,"Thứ ba, 8/9/2020, 11:53 (GMT+7)",https://vnexpress.net/khai-mac-dai-hoi-dong-lien-nghi-vien-asean-4158618.html
Con gái đánh đập mẹ già,"Thứ ba, 8/9/2020, 10:55 (GMT+7)",https://vnexpress.net/con-gai-danh-dap-me-gia-4158149.html
Trăn núi nuốt dê hơn 20 kg,"Thứ ba, 8/9/2020, 10:50 (GMT+7)",https://vnexpress.net/tran-nui-nuot-de-hon-20-kg-4158499.html
Cầu gần 700 tỷ đồng 'trùm mền' ở Sài Gòn,"Thứ ba, 8/9/2020, 08:53 (GMT+7)",https://vnexpress.net/cau-gan-700-ty-dong-trum-men-o-sai-gon-4157419.html
Bị phạt 320 triệu đồng vì gây ô nhiễm môi trường,"Thứ ba, 8/9/2020, 21:12 (GMT+7)",https://vnexpress.net/bi-phat-320-trieu-dong-vi-gay-o-nhiem-moi-truong-4158936.html
Ôtô khách giường nằm cháy ngùn ngụt,"Thứ ba, 8/9/2020, 09:35 (GMT+7)",https://vnexpress.net/oto-khach-giuong-nam-chay-ngun-ngut-4158495.html
26 học sinh tiểu học bị ong đốt,"Thứ hai, 7/9/2020, 21:22 (GMT+7)",https://vnexpress.net/26-hoc-sinh-tieu-hoc-bi-ong-dot-4158367.html
Thừa Thiên Huế yêu cầu người đến từ Đà Nẵng xét nghiệm nCoV,"Thứ hai, 7/9/2020, 21:15 (GMT+7)",https://vnexpress.net/thua-thien-hue-yeu-cau-nguoi-den-tu-da-nang-xet-nghiem-ncov-4158353.html
Bộ Giao thông Vận tải đồng ý để Bộ Công an sát hạch bằng lái xe,"Thứ hai, 7/9/2020, 21:05 (GMT+7)",https://vnexpress.net/bo-giao-thong-van-tai-dong-y-de-bo-cong-an-sat-hach-bang-lai-xe-4158362.html
Hàng trăm thiếu niên tụ tập đua xe,"Thứ hai, 7/9/2020, 16:21 (GMT+7)",https://vnexpress.net/hang-tram-thieu-nien-tu-tap-dua-xe-4158166.html
Chùa Kỳ Quang 2 mở niêm phong hầm chứa tro cốt,"Thứ hai, 7/9/2020, 15:47 (GMT+7)",https://vnexpress.net/chua-ky-quang-2-mo-niem-phong-ham-chua-tro-cot-4158125.html
"Cổng trường sập, đè chết ba học sinh","Thứ hai, 7/9/2020, 15:23 (GMT+7)",https://vnexpress.net/cong-truong-sap-de-chet-ba-hoc-sinh-4158195.html
Tàu chở dầu phát nổ trên biển,"Thứ hai, 7/9/2020, 13:45 (GMT+7)",https://vnexpress.net/tau-cho-dau-phat-no-tren-bien-4158123.html
"Bar, vũ trường ở Sài Gòn được mở cửa","Thứ hai, 7/9/2020, 13:18 (GMT+7)",https://vnexpress.net/bar-vu-truong-o-sai-gon-duoc-mo-cua-4158121.html
Hàng cây ở Sài Gòn bị sâu ăn trụi lá,"Thứ hai, 7/9/2020, 11:58 (GMT+7)",https://vnexpress.net/hang-cay-o-sai-gon-bi-sau-an-trui-la-4158033.html
Hà Nội nghiên cứu hỗ trợ người dân đổi xe máy cũ lấy mới,"Thứ hai, 7/9/2020, 11:24 (GMT+7)",https://vnexpress.net/ha-noi-nghien-cuu-ho-tro-nguoi-dan-doi-xe-may-cu-lay-moi-4158035.html
Hải Phòng dỡ bỏ chốt kiểm soát ở cửa ngõ,"Thứ hai, 7/9/2020, 11:10 (GMT+7)",https://vnexpress.net/hai-phong-do-bo-chot-kiem-soat-o-cua-ngo-4157973.html
"Bình Thuận, Đồng Nai cho mở quán bar, karaoke","Thứ hai, 7/9/2020, 10:57 (GMT+7)",https://vnexpress.net/binh-thuan-dong-nai-cho-mo-quan-bar-karaoke-4158019.html
Hàng chục hành khách kêu cứu trong ôtô lật,"Thứ hai, 7/9/2020, 10:34 (GMT+7)",https://vnexpress.net/hang-chuc-hanh-khach-keu-cuu-trong-oto-lat-4157987.html
"Tàu hỏa, máy bay mở bán vé đến Đà Nẵng","Thứ hai, 7/9/2020, 10:26 (GMT+7)",https://vnexpress.net/tau-hoa-may-bay-mo-ban-ve-den-da-nang-4157935.html
Giám đốc Học viện chính trị quốc gia HCM tái đắc cử Bí thư Đảng uỷ,"Thứ hai, 7/9/2020, 11:34 (GMT+7)",https://vnexpress.net/giam-doc-hoc-vien-chinh-tri-quoc-gia-hcm-tai-dac-cu-bi-thu-dang-uy-4158068.html
Nước cuồn cuộn trên đường Sài Gòn sau mưa lớn,"Chủ nhật, 6/9/2020, 21:38 (GMT+7)",https://vnexpress.net/nuoc-cuon-cuon-tren-duong-sai-gon-sau-mua-lon-4157795.html
Đấu thầu ba dự án cao tốc Bắc Nam,"Chủ nhật, 6/9/2020, 21:23 (GMT+7)",https://vnexpress.net/dau-thau-ba-du-an-cao-toc-bac-nam-4157790.html
Ca nghi nhiễm ở Đà Nẵng từng nhiễm nCoV,"Chủ nhật, 6/9/2020, 21:11 (GMT+7)",https://vnexpress.net/ca-nghi-nhiem-o-da-nang-tung-nhiem-ncov-4157788.html
Cách ly 53 bé sơ sinh về từ Hàn Quốc,"Chủ nhật, 6/9/2020, 20:25 (GMT+7)",https://vnexpress.net/cach-ly-53-be-so-sinh-ve-tu-han-quoc-4157787.html
Mở lại vận chuyển hành khách đến Đà Nẵng,"Chủ nhật, 6/9/2020, 18:39 (GMT+7)",https://vnexpress.net/mo-lai-van-chuyen-hanh-khach-den-da-nang-4157778.html
Phong toả khu dân cư có ca nghi nhiễm nCoV tại Đà Nẵng,"Chủ nhật, 6/9/2020, 17:01 (GMT+7)",https://vnexpress.net/phong-toa-khu-dan-cu-co-ca-nghi-nhiem-ncov-tai-da-nang-4157756.html
Quảng Nam giám sát người về từ Đà Nẵng,"Chủ nhật, 6/9/2020, 16:28 (GMT+7)",https://vnexpress.net/quang-nam-giam-sat-nguoi-ve-tu-da-nang-4157718.html
Hơn 450 bí thư cấp uỷ không phải người địa phương,"Chủ nhật, 6/9/2020, 19:07 (GMT+7)",https://vnexpress.net/hon-450-bi-thu-cap-uy-khong-phai-nguoi-dia-phuong-4157765.html
Tòa án nhân dân Tối cao có tân Bí thư Đảng ủy,"Chủ nhật, 6/9/2020, 16:59 (GMT+7)",https://vnexpress.net/toa-an-nhan-dan-toi-cao-co-tan-bi-thu-dang-uy-4157744.html
Miền Bắc tuần tới mưa giông,"Chủ nhật, 6/9/2020, 16:35 (GMT+7)",https://vnexpress.net/mien-bac-tuan-toi-mua-giong-4157752.html
Cán bộ thanh tra tử vong khi đang thi,"Chủ nhật, 6/9/2020, 12:55 (GMT+7)",https://vnexpress.net/can-bo-thanh-tra-tu-vong-khi-dang-thi-4157679.html
Tiêu huỷ 1.300 con vịt nhiễm cúm A/H5N6,"Chủ nhật, 6/9/2020, 18:50 (GMT+7)",https://vnexpress.net/tieu-huy-1-300-con-vit-nhiem-cum-a-h5n6-4157771.html
Hà Nội phân loại rác từ nguồn để tái chế,"Thứ bảy, 5/9/2020, 20:58 (GMT+7)",https://vnexpress.net/ha-noi-phan-loai-rac-tu-nguon-de-tai-che-4157466.html
Khai trừ Đảng 5 người liên quan đến vụ án Vũ 'Nhôm',"Thứ bảy, 5/9/2020, 18:40 (GMT+7)",https://vnexpress.net/khai-tru-dang-5-nguoi-lien-quan-den-vu-an-vu-nhom-4157460.html
Hai cách giải quyết hũ cốt bị lẫn lộn ở chùa Kỳ Quang 2,"Thứ bảy, 5/9/2020, 18:31 (GMT+7)",https://vnexpress.net/hai-cach-giai-quyet-hu-cot-bi-lan-lon-o-chua-ky-quang-2-4157431.html
Thủ tướng: Phấn đấu xây dựng Quân đội hiện đại vào năm 2030,"Thứ bảy, 5/9/2020, 17:20 (GMT+7)",https://vnexpress.net/thu-tuong-phan-dau-xay-dung-quan-doi-hien-dai-vao-nam-2030-4157399.html
Ngày khai giảng của cặp song sinh,"Thứ bảy, 5/9/2020, 16:28 (GMT+7)",https://vnexpress.net/ngay-khai-giang-cua-cap-song-sinh-4157400.html
Hòa thượng Thích Thiện Chiếu bị ngưng chức trụ trì chùa Kỳ Quang 2,"Thứ bảy, 5/9/2020, 13:31 (GMT+7)",https://vnexpress.net/hoa-thuong-thich-thien-chieu-bi-ngung-chuc-tru-tri-chua-ky-quang-2-4157370.html
Vi phạm xây dựng ở TP HCM giảm 77%,"Thứ bảy, 5/9/2020, 12:38 (GMT+7)",https://vnexpress.net/vi-pham-xay-dung-o-tp-hcm-giam-77-4157322.html
Muôn kiểu khai giảng mùa dịch,"Thứ bảy, 5/9/2020, 10:25 (GMT+7)",https://vnexpress.net/muon-kieu-khai-giang-mua-dich-4157271.html
Giáo hội Phật giáo đề nghị đánh giá việc gửi tro cốt trong chùa,"Thứ bảy, 5/9/2020, 00:00 (GMT+7)",https://vnexpress.net/giao-hoi-phat-giao-de-nghi-danh-gia-viec-gui-tro-cot-trong-chua-4157146.html
Đại diện 3 cơ quan nói về trách nhiệm quản lý pate Minh Chay,"Thứ bảy, 5/9/2020, 00:00 (GMT+7)",https://vnexpress.net/dai-dien-3-co-quan-noi-ve-trach-nhiem-quan-ly-pate-minh-chay-4157108.html
Đề xuất diện tích nhà ở tối thiểu đối với người đăng ký thường trú,"Thứ bảy, 5/9/2020, 00:00 (GMT+7)",https://vnexpress.net/de-xuat-dien-tich-nha-o-toi-thieu-doi-voi-nguoi-dang-ky-thuong-tru-4157070.html
Cháy kho phụ tùng cơ giới,"Thứ bảy, 5/9/2020, 19:05 (GMT+7)",https://vnexpress.net/chay-kho-phu-tung-co-gioi-4157462.html
Quảng Nam mở lại hoạt động giải trí,"Thứ bảy, 5/9/2020, 16:55 (GMT+7)",https://vnexpress.net/quang-nam-mo-lai-hoat-dong-giai-tri-4157411.html
Làm rõ trách nhiệm vụ pate Minh Chay gây ngộ độc,"Thứ sáu, 4/9/2020, 21:57 (GMT+7)",https://vnexpress.net/lam-ro-trach-nhiem-vu-pate-minh-chay-gay-ngo-doc-4157093.html
Mở từng bước đường bay thương mại quốc tế,"Thứ sáu, 4/9/2020, 21:39 (GMT+7)",https://vnexpress.net/mo-tung-buoc-duong-bay-thuong-mai-quoc-te-4157120.html
Đốn hạ cổ thụ trước Dinh Độc Lập,"Thứ sáu, 4/9/2020, 20:05 (GMT+7)",https://vnexpress.net/don-ha-co-thu-truoc-dinh-doc-lap-4157091.html
Công ty IPC cho ông Phạm Phú Quốc thôi việc,"Thứ sáu, 4/9/2020, 18:52 (GMT+7)",https://vnexpress.net/cong-ty-ipc-cho-ong-pham-phu-quoc-thoi-viec-4157038.html
Những thách thức trong năm học 2020-2021,"Thứ sáu, 4/9/2020, 18:39 (GMT+7)",https://vnexpress.net/nhung-thach-thuc-trong-nam-hoc-2020-2021-4157034.html
Ôtô của tân chủ tịch huyện bị đập phá,"Thứ sáu, 4/9/2020, 18:35 (GMT+7)",https://vnexpress.net/oto-cua-tan-chu-tich-huyen-bi-dap-pha-4157058.html
Hàng trăm tấm chống lóa trên quốc lộ bị tháo dỡ,"Thứ sáu, 4/9/2020, 18:27 (GMT+7)",https://vnexpress.net/hang-tram-tam-chong-loa-tren-quoc-lo-bi-thao-do-4157059.html
Quốc hội Việt Nam đăng cai Đại hội đồng Liên Nghị viện ASEAN,"Thứ sáu, 4/9/2020, 18:18 (GMT+7)",https://vnexpress.net/quoc-hoi-viet-nam-dang-cai-dai-hoi-dong-lien-nghi-vien-asean-4157029.html
"Khánh Hòa cho phép quán bar, massage hoạt động lại","Thứ sáu, 4/9/2020, 18:04 (GMT+7)",https://vnexpress.net/khanh-hoa-cho-phep-quan-bar-massage-hoat-dong-lai-4157052.html
Đà Nẵng nới lỏng cách ly xã hội,"Thứ sáu, 4/9/2020, 17:55 (GMT+7)",https://vnexpress.net/da-nang-noi-long-cach-ly-xa-hoi-4157008.html
Đề xuất tích hợp 7 loại giấy phép về môi trường,"Thứ sáu, 4/9/2020, 15:47 (GMT+7)",https://vnexpress.net/de-xuat-tich-hop-7-loai-giay-phep-ve-moi-truong-4156843.html
Người dân tiết kiệm nửa ngày làm việc khi đăng ký xe trực tuyến,"Thứ sáu, 4/9/2020, 15:04 (GMT+7)",https://vnexpress.net/nguoi-dan-tiet-kiem-nua-ngay-lam-viec-khi-dang-ky-xe-truc-tuyen-4156314.html
Nổ bình khí trong nhà máy khiến một người chết,"Thứ sáu, 4/9/2020, 14:05 (GMT+7)",https://vnexpress.net/no-binh-khi-trong-nha-may-khien-mot-nguoi-chet-4156833.html
Phan Ngọc - người làm rạng danh văn hóa Việt,"Thứ sáu, 4/9/2020, 12:03 (GMT+7)",https://vnexpress.net/phan-ngoc-nguoi-lam-rang-danh-van-hoa-viet-4155903.html
Cách ly hơn 1.000 người vì ca nhiễm bạch hầu,"Thứ sáu, 4/9/2020, 11:37 (GMT+7)",https://vnexpress.net/cach-ly-hon-1-000-nguoi-vi-ca-nhiem-bach-hau-4156700.html
Tàu Metro Số 1 tháng 10 về Sài Gòn,"Thứ sáu, 4/9/2020, 00:00 (GMT+7)",https://vnexpress.net/tau-metro-so-1-thang-10-ve-sai-gon-4156556.html
600 tỷ đồng xây dựng làng văn hóa Sa Đéc,"Thứ sáu, 4/9/2020, 00:00 (GMT+7)",https://vnexpress.net/600-ty-dong-xay-dung-lang-van-hoa-sa-dec-4156324.html
Cổ thụ bật gốc trong công viên Tao Đàn,"Thứ sáu, 4/9/2020, 19:31 (GMT+7)",https://vnexpress.net/co-thu-bat-goc-trong-cong-vien-tao-dan-4157088.html
"Hai ôtô tải đấu đầu, một người chết","Thứ sáu, 4/9/2020, 16:53 (GMT+7)",https://vnexpress.net/hai-oto-tai-dau-dau-mot-nguoi-chet-4156991.html
Đề án thẻ căn cước công dân gắn chip được phê duyệt,"Thứ năm, 3/9/2020, 23:34 (GMT+7)",https://vnexpress.net/de-an-the-can-cuoc-cong-dan-gan-chip-duoc-phe-duyet-4156574.html
Hàng trăm hũ tro cốt lẫn lộn trong chùa Kỳ Quang 2,"Thứ năm, 3/9/2020, 22:48 (GMT+7)",https://vnexpress.net/hang-tram-hu-tro-cot-lan-lon-trong-chua-ky-quang-2-4156562.html
'Không hợp thức hóa quy trình nhân sự để thực hiện ý đồ cá nhân',"Thứ năm, 3/9/2020, 21:49 (GMT+7)",https://vnexpress.net/khong-hop-thuc-hoa-quy-trinh-nhan-su-de-thuc-hien-y-do-ca-nhan-4156549.html
Chủ sản phẩm pate Minh Chay lên tiếng sau vụ ngộ độc,"Thứ năm, 3/9/2020, 20:35 (GMT+7)",https://vnexpress.net/chu-san-pham-pate-minh-chay-len-tieng-sau-vu-ngo-doc-4156453.html
Dự thảo văn kiện TP HCM cần 'báo cáo sâu sắc hơn' về xây dựng Đảng,"Thứ năm, 3/9/2020, 20:14 (GMT+7)",https://vnexpress.net/du-thao-van-kien-tp-hcm-can-bao-cao-sau-sac-hon-ve-xay-dung-dang-4156229.html
Chi phí chống Covid-19 của Việt Nam chưa đến 400 triệu USD,"Thứ năm, 3/9/2020, 19:21 (GMT+7)",https://vnexpress.net/chi-phi-chong-covid-19-cua-viet-nam-chua-den-400-trieu-usd-4156526.html
Hai phương án quản lý sát hạch giấy phép lái xe,"Thứ năm, 3/9/2020, 19:06 (GMT+7)",https://vnexpress.net/hai-phuong-an-quan-ly-sat-hach-giay-phep-lai-xe-4156368.html
Bà Rịa - Vũng Tàu cách ly 153 người,"Thứ năm, 3/9/2020, 17:35 (GMT+7)",https://vnexpress.net/ba-ria-vung-tau-cach-ly-153-nguoi-4156449.html
Ông Nguyễn Đức Chung bị đình chỉ nhiệm vụ đại biểu HĐND,"Thứ năm, 3/9/2020, 17:30 (GMT+7)",https://vnexpress.net/ong-nguyen-duc-chung-bi-dinh-chi-nhiem-vu-dai-bieu-hdnd-4156475.html
Bắn hạ trâu tấn công 4 người,"Thứ năm, 3/9/2020, 16:27 (GMT+7)",https://vnexpress.net/ban-ha-trau-tan-cong-4-nguoi-4156381.html
Hơn 1.500 ôtô bị phạt 'nguội' ở Sài Gòn,"Thứ năm, 3/9/2020, 15:02 (GMT+7)",https://vnexpress.net/hon-1-500-oto-bi-phat-nguoi-o-sai-gon-4155909.html
"Đề xuất hỗ trợ nhân viên quán bar, karaoke, gym","Thứ năm, 3/9/2020, 13:02 (GMT+7)",https://vnexpress.net/de-xuat-ho-tro-nhan-vien-quan-bar-karaoke-gym-4156184.html
Cà Mau có tân Chủ tịch tỉnh,"Thứ năm, 3/9/2020, 11:44 (GMT+7)",https://vnexpress.net/ca-mau-co-tan-chu-tich-tinh-4156219.html
Đảo Trần ở Quảng Ninh có điện lưới quốc gia,"Thứ năm, 3/9/2020, 00:23 (GMT+7)",https://vnexpress.net/dao-tran-o-quang-ninh-co-dien-luoi-quoc-gia-4155995.html
Sinh viên miền Tây góp tiền xây nhà tặng bạn,"Thứ năm, 3/9/2020, 00:00 (GMT+7)",https://vnexpress.net/sinh-vien-mien-tay-gop-tien-xay-nha-tang-ban-4154939.html
Cần 21.000 tỷ đồng cho giao thông thủy Sài Gòn,"Thứ năm, 3/9/2020, 00:00 (GMT+7)",https://vnexpress.net/can-21-000-ty-dong-cho-giao-thong-thuy-sai-gon-4154141.html
